d,eps_acc,eps_p,LD,N_star_basic,N_star_pathA,tightening_ratio
10,0.1,1,1,192143.52768642345,131576.0602657656,1.4603228527919125
10,0.1,1,10,1921255.2768796366,1310249.162690623,1.466328185193647
10,0.1,1,50,9606196.384354593,6548796.284634419,1.4668644384150133
10,0.1,2,1,49991.65648539283,37153.207287733596,1.3455542639490492
10,0.1,2,10,499736.56484850013,369847.2127854783,1.3511973257409982
10,0.1,2,50,2498602.824265128,1848487.237211343,1.3517014204731863
10,0.1,4,1,13458.51246721528,10793.117072016232,1.2469532552472473
10,0.1,4,10,134405.1246713729,107314.57945468916,1.2524404918170697
10,0.1,4,50,671945.6233553445,536298.8567150322,1.252931299296783
10,0.1,8,1,3832.660353707704,3288.970157452688,1.1653071235757593
10,0.1,8,10,38146.60353744765,32577.22331329724,1.1709593285649094
10,0.1,8,50,190653.01768638488,162747.237338433,1.1714669987910258
10,0.1,16,1,1185.9536525414917,1076.2134355947662,1.1019688226490854
10,0.1,16,10,11679.536525335088,10539.330257888128,1.1081858371971574
10,0.1,16,50,58317.68262645015,52597.62724515775,1.1087512057270417
10,0.5,1,1,7688.941107517253,6075.370900220502,1.2655920492423247
10,0.5,1,10,76853.41107603823,52507.94766218214,1.4636529229915123
10,0.5,1,50,384251.05537922133,262049.83254037128,1.4663281851936456
10,0.5,2,1,2002.8662594163566,1717.7140904140197,1.1660067706224653
10,0.5,2,10,19992.662593847326,14823.841579823755,1.3486829636022746
10,0.5,2,50,99947.31297055687,73969.44255618073,1.3511973257692949
10,0.5,4,1,541.540498691874,501.1841613613971,1.0805219726434578
10,0.5,4,10,5379.40498691171,4303.544800728271,1.249993955216029
10,0.5,4,50,26881.02493450505,21462.915891121833,1.2524404918170706
10,0.5,8,1,156.5064141484393,154.86443184380138,1.010602707704336
10,0.5,8,10,1529.0641414891252,1308.644101626384,1.1684339077284671
10,0.5,8,50,7629.320707395164,6515.444662715309,1.1709593285403865
10,0.5,16,1,50.63814610094511,52.74472148516105,0.9600609250575226
10,0.5,16,10,470.3814610163977,425.5341720554397,1.1053905700318591
10,0.5,16,50,2335.9073050870434,2107.8660515515544,1.1081858372203646
10,1.0,1,1,1923.235276896519,1847.1065587488947,1.0412151198245914
10,1.0,1,10,19214.352768883768,13157.606026466341,1.460322852822494
10,1.0,1,50,96063.76384439786,65543.07724510554,1.4656584323185935
10,1.0,2,1,501.7165648526611,522.8024942014742,0.9596675043009891
10,1.0,2,10,4999.165648497406,3715.3207287422383,1.345554263949049
10,1.0,2,50,24987.82824233196,18501.72097302411,1.3505677811682888
10,1.0,4,1,136.38512467293492,153.09565403236792,0.8908490938880603
10,1.0,4,10,1345.851246710255,1079.3117072151847,1.2469532552211349
10,1.0,4,50,6721.256233638499,5369.154479730824,1.251827687024468
10,1.0,8,1,40.12660353667087,47.8481218246969,0.8386244225778461
10,1.0,8,10,383.26603536756005,328.8970157425138,1.1653071235757595
10,1.0,8,50,1908.330176867227,1630.5971560188116,1.170325956857741
10,1.0,16,1,13.659536525484643,16.813656881538027,0.8124072366721891
10,1.0,16,10,118.59536525315572,107.62134355857508,1.1019688226490856
10,1.0,16,50,584.9768262663305,528.2043134304017,1.1074821075716363
50,0.1,1,1,960637.6384319081,657800.3013283939,1.460378836087411
50,0.1,1,10,9606196.384354593,6551165.813425987,1.4663338797909242
50,0.1,1,50,48030901.9224032,32743901.4233675,1.4668655790701293
50,0.1,2,1,249878.28242541282,185686.03643853578,1.3457031407319926
50,0.1,2,10,2498602.824265128,1849156.0639407313,1.3512125195860227
50,0.1,2,50,12492934.121334303,9242356.186165646,1.3517044647158547
50,0.1,4,1,67212.56233554042,53885.58536060305,1.2473198887189045
50,0.1,4,10,671945.6233553445,536492.8972749624,1.25247813488006
50,0.1,4,50,3359648.116781534,2681414.2835739274,1.2529388455049257
50,0.1,8,1,19083.301768432477,16364.850787278088,1.1661152317543704
50,0.1,8,10,190653.01768638488,162806.1165662203,1.1710433349034404
50,0.1,8,50,953185.0884304668,813656.1866891334,1.1714838577078772
50,0.1,16,1,5849.768262712304,5301.0671779704135,1.103507664838152
50,0.1,16,10,58317.68262645015,52616.65128885187,1.1083503263311283
50,0.1,16,50,291508.4131352114,262908.13622789143,1.1087842975027937
50,0.5,1,1,38428.70553761414,30360.85450098852,1.265732014767995
50,0.5,1,10,384251.05537922133,262523.73831112916,1.4636811811807564
50,0.5,1,50,1921239.27688739,1310233.1626964298,1.4663338797909249
50,0.5,2,1,9998.331296954902,8572.570452075506,1.166316608635652
50,0.5,2,10,99947.31297055687,74103.20789788295,1.3487582495522743
50,0.5,2,50,499720.5648468449,369831.21278357203,1.3512125195860227
50,0.5,4,1,2691.7024934661335,2489.920806844931,1.0810393993521774
50,0.5,4,10,26881.02493450505,21501.724003507203,1.2501799823177162
50,0.5,4,50,134389.12467222108,107298.57945591233,1.2524781348800607
50,0.5,8,1,766.5320707481126,758.3221592159529,1.0108264164938132
50,0.5,8,10,7629.320707395164,6527.220508142359,1.168846785224736
50,0.5,8,50,38130.60353680535,32561.22331352322,1.1710433348789162
50,0.5,16,1,237.19073050536457,247.7236074255395,0.9574813356319264
50,0.5,16,10,2335.9073050870434,2111.6708602858334,1.1061891078853348
50,0.5,16,50,11663.536525390022,10523.330257860594,1.1083503263311278
50,1.0,1,1,9608.1763844035,9227.532793747192,1.041250852114472
50,1.0,1,10,96063.76384439786,65780.03013228836,1.4603788361179941
50,1.0,1,50,480310.8192220746,327707.3862276566,1.465669799973337
50,1.0,2,1,2500.582824269581,2606.0124710063465,0.9595436906347373
50,1.0,2,10,24987.82824233196,18568.603643698036,1.3457031407319922
50,1.0,2,50,124931.14121388707,92500.60486527094,1.35059810036758
50,1.0,4,1,673.9256233577471,757.4782701668539,0.8896963119606028
50,1.0,4,10,6721.256233638499,5388.558536015166,1.2473198887450263
50,1.0,4,50,33598.281168306465,26837.77239887571,1.251902753661998
50,1.0,8,1,192.63301768621278,231.24060912388296,0.833041473191299
50,1.0,8,10,1908.330176867227,1636.4850787141002,1.1661152317787917
50,1.0,8,50,9533.650884228638,8144.985779959011,1.1704932509135229
50,1.0,16,1,60.297682627225626,76.06828440845544,0.7926783559814737
50,1.0,16,10,584.9768262663305,530.106717792601,1.1035076648381523
50,1.0,16,50,2916.884131339855,2633.021567195609,1.107808674141087
100,0.1,1,1,1921255.2768796366,1315580.6026433788,1.4603858349836443
100,0.1,1,10,19212372.768937048,13102311.626978599,1.4663345916286554
100,0.1,1,50,96061783.8439478,65487782.845420085,1.466865721667441
100,0.1,2,1,499736.56484850013,371352.07287543925,1.3457217593507933
100,0.1,2,10,4997185.648502155,3698292.1278669517,1.3512144189064808
100,0.1,2,50,24985848.24234282,18484692.372111596,1.3517048452502087
100,0.1,4,1,134405.1246713729,107751.17072059154,1.2473657944738017
100,0.1,4,10,1343871.2467299714,1072965.7945477362,1.2524828410736282
100,0.1,4,50,6719276.233636636,5362808.567172715,1.2529397888202176
100,0.1,8,1,38146.60353744765,32709.701574396502,1.1662168011739635
100,0.1,8,10,381286.03536861733,325592.2331328449,1.1710538414872103
100,0.1,8,50,1906350.1768559779,1627292.3733840236,1.1714859652980747
100,0.1,16,1,11679.536525335088,10582.134355916081,1.1037032920306376
100,0.1,16,10,116615.36525266124,105213.30257797871,1.1083709226429035
100,0.1,16,50,582996.8262719375,525796.2724569404,1.1087884353909745
100,0.5,1,1,76853.41107603823,60717.70900214653,1.2657495208411316
100,0.5,1,10,768498.1107591147,525043.476631457,1.4636847136728555
100,0.5,1,50,3842474.5537398835,2620462.3254181864,1.4663345915979473
100,0.5,2,1,19992.662593847326,17141.140904221746,1.1663554197214068
100,0.5,2,10,199890.62593891245,148202.41579659123,1.3487676625545943
100,0.5,2,50,999437.1297089994,739658.425564242,1.3512144189347772
100,0.5,4,1,5379.40498691171,4975.841613622796,1.0811045456479247
100,0.5,4,10,53758.04986893958,42999.44800681015,1.2502032551772644
100,0.5,4,50,268774.24934266985,214593.15891138697,1.2524828410473987
100,0.5,8,1,1529.0641414891252,1512.6443184535283,1.0108550455882344
100,0.5,8,10,15254.64141484124,13050.441016202913,1.1688985372909375
100,0.5,8,50,76257.20707437725,65118.44662712724,1.1710538414872107
100,0.5,16,1,470.3814610163977,491.4472148436381,0.9571352666350081
100,0.5,16,10,4667.814610091093,4219.341720587774,1.1062897767476496
100,0.5,16,50,23323.073050732197,21042.660515776144,1.1083709226429033
100,1.0,1,1,19214.352768883768,18453.065587674304,1.0412553230026973
100,1.0,1,10,192125.5276863542,131558.06026599093,1.4603858349530603
100,1.0,1,50,960619.6384475296,655412.7724539433,1.4656712209785836
100,1.0,2,1,4999.165648497406,5210.0249420378295,0.9595281604433263
100,1.0,2,10,49973.656485477935,37135.20728801053,1.3457217593507933
100,1.0,2,50,249860.28242441986,184999.20973144268,1.350601890608797
100,1.0,4,1,1345.851246710255,1512.9565403364663,0.8895504998517348
100,1.0,4,10,13440.512467306175,10775.117071968896,1.2473657944999237
100,1.0,4,50,67194.56233637877,53673.54479754641,1.25191214013967
100,1.0,8,1,383.26603536756005,460.48121824784744,0.8323163251389606
100,1.0,8,10,3814.66035371281,3270.9701574807505,1.1662168011495406
100,1.0,8,50,19065.30176847878,16287.971560112408,1.170514185766862
100,1.0,16,1,118.59536525315572,150.13656881669604,0.7899165818685423
100,1.0,16,10,1167.9536525237254,1058.2134356049048,1.103703292007524
100,1.0,16,50,5831.768262718295,5264.043134322823,1.1078496345696274
500,0.1,1,1,9606196.384354593,6577823.013313268,1.4603914342042967
500,0.1,1,10,96061783.8439478,65511478.135431394,1.4663351610745217
500,0.1,1,50,480308839.2197707,327438834.22832996,1.4668658357268685
500,0.1,2,1,2498602.824265128,1856680.3644044015,1.3457366556825987
500,0.1,2,10,24985848.24234282,18491380.63933426,1.3512159383704285
500,0.1,2,50,124929161.21345921,92423381.86080831,1.351705149694753
500,0.1,4,1,671945.6233553445,538675.8536028378,1.2474025313389407
500,0.1,4,10,6719276.233636636,5364748.972807291,1.2524866061199025
500,0.1,4,50,33596301.1683703,26813962.83586267,1.25294054347821
500,0.1,8,1,190653.01768638488,163468.5078708591,1.1662981461664879
500,0.1,8,10,1906350.1768559779,1627881.1656545396,1.1710622477098758
500,0.1,8,50,9531670.884285474,8136381.866932314,1.1714876514122157
500,0.1,16,1,58317.68262645015,52830.67177964563,1.1038603270026661
500,0.1,16,10,582996.8262719375,525986.5128891972,1.108387405353015
500,0.1,16,50,2914904.131317191,2628901.3622831083,1.1087917459123302
500,0.5,1,1,384251.05537922133,303572.54501239303,1.2657635273424832
500,0.5,1,10,3842474.5537398835,2625201.383113736,1.4636875397278464
500,0.5,1,50,19212356.768954273,13102295.626924217,1.4663351611052302
500,0.5,2,1,99947.31297055687,85689.70452194086,1.166386481645124
500,0.5,2,10,999437.1297089994,740996.078992283,1.3487751933427006
500,0.5,2,50,4997169.648511404,3698276.1278211097,1.351215938398725
500,0.5,4,1,26881.02493450505,24863.208068311582,1.081156738126855
500,0.5,4,10,268774.24934266985,214981.24003348494,1.2502218765730733
500,0.5,4,50,1343855.246710705,1072949.7945481874,1.2524866061199018
500,0.5,8,1,7629.320707395164,7547.221592269231,1.010878058120094
500,0.5,8,10,76257.20707437725,65236.20508108397,1.168939961783414
500,0.5,8,50,381270.0353744643,325576.2331336992,1.1710622477098755
500,0.5,16,1,2335.9073050870434,2441.2360742481337,0.9568543287262662
500,0.5,16,10,23323.073050732197,21080.70860284768,1.106370449406127
500,0.5,16,50,116599.36525294525,105197.30257874129,1.108387405329803
500,1.0,1,1,96063.76384439786,92257.32793678307,1.0412589004336117
500,1.0,1,10,960619.6384475296,657782.3013258165,1.4603914342348807
500,1.0,1,50,4803090.192200087,3277055.8622960295,1.4656723577592174
500,1.0,2,1,24987.82824233196,26042.124710428936,0.9595157276981027
500,1.0,2,10,249860.28242441986,185668.03643888482,1.3457366556825994
500,1.0,2,50,1249293.412122965,924988.0486445712,1.350604922899938
500,1.0,4,1,6721.256233638499,7556.782701683774,0.8894335723244886
500,1.0,4,10,67194.56233637877,53867.58535983253,1.2474025313650643
500,1.0,4,50,335964.8116823748,268359.72398848564,1.2519196498234209
500,1.0,8,1,1908.330176867227,2294.406091249452,0.8317316555884918
500,1.0,8,10,19065.30176847878,16346.850787291312,1.166298146142063
500,1.0,8,50,95318.50884224822,81431.85780084133,1.1705309373558639
500,1.0,16,1,584.9768262663305,742.6828440812134,0.7876536140942048
500,1.0,16,10,5831.768262718295,5283.0671779203085,1.1038603270257834
500,1.0,16,50,29150.841313276953,26312.21567179112,1.1078824252922599
1000,0.1,1,1,19212372.768937048,13155626.026645716,1.460392134135149
1000,0.1,1,10,192123547.68665668,131022936.27028546,1.4663352322552716
1000,0.1,1,50,960617658.4392607,654877648.4584861,1.4668658499804579
1000,0.1,2,1,4997185.648502155,3713340.728754852,1.345738517827261
1000,0.1,2,10,49971676.48479536,36982741.27812503,1.3512161283283013
1000,0.1,2,50,249858302.42728636,184846743.72308472,1.3517051877397104
1000,0.1,4,1,1343871.2467299714,1077331.7072035463,1.2474071242350118
1000,0.1,4,10,13438532.46722395,10729477.945403028,1.2524870767809908
1000,0.1,4,50,67192582.33538672,53627905.67188282,1.252940637780973
1000,0.1,8,1,381286.03536861733,326917.01574496424,1.1663083198644748
1000,0.1,8,10,3812680.3537369897,3255742.3313130694,1.1710632985501965
1000,0.1,8,50,19063321.768660996,16272743.733973367,1.1714878621766536
1000,0.1,16,1,116615.36525266124,105641.34356045072,1.103879989806556
1000,0.1,16,10,1165973.6525448577,1051953.0257759646,1.1083894660455837
1000,0.1,16,50,5829788.262686573,5257782.724507428,1.1087921597659274
1000,0.5,1,1,768498.1107591147,607141.0900212219,1.2657652782687674
1000,0.5,1,10,7684945.1075131195,5250398.766214963,1.4636878929965984
1000,0.5,1,50,38424709.53766075,26204587.25373298,1.4663352322859788
1000,0.5,2,1,199890.62593891245,171375.40904285273,1.1663903651948655
1000,0.5,2,10,1998870.2594203956,1481988.1579768397,1.3487761347224163
1000,0.5,2,50,9994335.29704476,7396548.255688416,1.3512161283283024
1000,0.5,4,1,53758.04986893958,49722.416136929794,1.0811632669035254
1000,0.5,4,10,537544.4986933696,429958.480073197,1.2502242044437801
1000,0.5,4,50,2687706.493467832,2145895.589099003,1.2524870767809906
1000,0.5,8,1,15254.64141484124,15090.443184378817,1.0108809415638897
1000,0.5,8,10,152510.41414847595,130468.41016095068,1.168945141282349
1000,0.5,8,50,762536.0707379666,651148.4662681964,1.1710632985256724
1000,0.5,16,1,4667.814610091093,4878.472148458601,0.9568189523365287
1000,0.5,16,10,46642.14610100165,42157.41720590412,1.106380542080966
1000,0.5,16,50,233194.73050608725,210390.60515699664,1.108389466022372
1000,1.0,1,1,192125.5276863542,184512.6558755083,1.0412593476296952
1000,1.0,1,10,1921237.2768776112,1315562.6026535514,1.4603921341351491
1000,1.0,1,50,9606178.384314312,6554109.724616557,1.4656724998415118
1000,1.0,2,1,49973.656485477935,52082.24942107769,0.9595141730812723
1000,1.0,2,10,499718.5648460296,371334.072880151,1.3457385177990793
1000,1.0,2,50,2498584.824265677,1849974.0973048378,1.3506053019368094
1000,1.0,4,1,13440.512467306175,15111.565403427907,0.8894189389708977
1000,1.0,4,10,134387.12467187134,107733.17071945216,1.2474071242350113
1000,1.0,4,50,671927.6233580349,536717.4479810289,1.2519205885436113
1000,1.0,8,1,3814.66035371281,4586.812182510428,0.8316582850848259
1000,1.0,8,10,38128.603537340816,32691.701574222578,1.1663083198888993
1000,1.0,8,50,190635.01768400086,162861.71560094546,1.1705330315389
1000,1.0,16,1,1167.9536525237254,1483.3656881489426,0.7873673106064544
1000,1.0,16,10,11661.536525412655,10564.134355956578,1.1038799898296738
1000,1.0,16,50,58299.68262670537,52622.43134327053,1.1078865255465027
5000,0.1,1,1,96061783.8439478,65778050.131958894,1.4603926940861882
5000,0.1,1,10,960617658.4392607,655114601.3483491,1.4663352892182968
5000,0.1,1,50,4803088212.189461,3274388162.309551,1.466865861377186
5000,0.1,2,1,24985848.24234282,18566623.643690836,1.3457400075448458
5000,0.1,2,10,249858302.42728636,184913626.39214215,1.351216280283301
5000,0.1,2,50,1249291432.120723,924233638.61246,1.351705218170016
5000,0.1,4,1,6719276.233636636,5386578.5360083105,1.2474107986580871
5000,0.1,4,10,67192582.33538672,53647309.72713801,1.2524874532785137
5000,0.1,4,50,335962831.678175,268139448.3552593,1.252940713270418
5000,0.1,8,1,1906350.1768559779,1634505.0787316174,1.1663164597416322
5000,0.1,8,10,19063321.768660996,16278631.6566633,1.1710641392182275
5000,0.1,8,50,95316528.8424295,81363638.66893022,1.1714880307931383
5000,0.1,16,1,582996.8262719375,528126.7177979349,1.103895725447839
5000,0.1,16,10,5829788.262686573,5259685.128910924,1.1083911146395364
5000,0.1,16,50,29148861.31348765,26288833.622984968,1.1087924908164084
5000,0.5,1,1,3842474.5537398835,3035689.4500941043,1.2657666790062367
5000,0.5,1,10,38424709.53766075,26251977.831554253,1.4636881755810094
5000,0.5,1,50,192123531.6894993,131022920.27079307,1.4663352892182975
5000,0.5,2,1,999437.1297089994,856861.0452114602,1.1663934721905271
5000,0.5,2,10,9994335.29704476,7409924.789883336,1.3487768878153639
5000,0.5,2,50,49971660.48483919,36982725.27874549,1.3512162802550043
5000,0.5,4,1,268774.24934266985,248596.0806808869,1.0811684906958967
5000,0.5,4,10,2687706.493467832,2149776.4003602234,1.2502260667748848
5000,0.5,4,50,13438516.467192551,10729461.945519589,1.252487453278513
5000,0.5,8,1,76257.20707437725,75436.2159220459,1.010883249408742
5000,0.5,8,10,762536.0707379666,652326.0508143598,1.1689492850791736
5000,0.5,8,50,3812664.3536850414,3255726.3313605716,1.1710641391937033
5000,0.5,16,1,23323.073050732197,24376.360742599616,0.9567906094355293
5000,0.5,16,10,233194.73050608725,210771.08602708546,1.106388617630979
5000,0.5,16,50,1165957.6525228934,1051937.0257912031,1.108391114616325
5000,1.0,1,1,960619.6384475296,922555.279384974,1.0412597054215889
5000,1.0,1,10,9606178.384314312,6577805.013278543,1.4603926940556042
5000,1.0,1,50,48030883.92157472,32770540.622869417,1.4656726135319122
5000,1.0,2,1,249860.28242441986,260403.24710540377,0.9595129292811144
5000,1.0,2,10,2498584.824265677,1856662.3643924128,1.3457400075448458
5000,1.0,2,50,12492916.12124127,9249862.486622471,1.3506056051437558
5000,1.0,4,1,67194.56233637877,75549.8270169949,0.8894072294998556
5000,1.0,4,10,671927.6233580349,538657.8536075995,1.2474107986319634
5000,1.0,4,50,3359630.116808888,2683579.239911289,1.2519213395464883
5000,1.0,8,1,19065.30176847878,22926.060912793015,0.8315995425904201
5000,1.0,8,10,190635.01768400086,163450.50787179248,1.1663164597416327
5000,1.0,8,50,953167.0884205634,814300.578007372,1.1705347069174428
5000,1.0,16,1,5831.768262718295,7408.828440780382,0.7871377113577793
5000,1.0,16,10,58299.68262670537,52812.67177935107,1.1038957254478392
5000,1.0,16,50,291490.41313538165,263104.1567162414,1.1078898059742741
20000,0.1,1,1,384247075.3753325,263112140.53213653,1.4603927990483605
20000,0.1,1,10,3842470573.7772627,2620458345.391531,1.466335299904623
20000,0.1,1,50,,,
20000,0.1,2,1,99943332.97055347,74266434.57613038,1.3457402868600317
20000,0.1,2,10,999433149.6948009,739654445.5708143,1.3512163087501048
20000,0.1,2,50,4997165668.478493,3696934494.4192104,1.3517052238880822
20000,0.1,4,1,26877044.934367258,21546254.144248664,1.2474114876038227
20000,0.1,4,10,268770269.3446026,214589178.90873343,1.2524875238882052
20000,0.1,4,50,1343851266.7296946,1072557733.4181119,1.252940727439448
20000,0.1,8,1,7625340.707482635,6537960.314862096,1.1663179860772028
20000,0.1,8,10,76253227.07418951,65114466.62682744,1.171064296835887
20000,0.1,8,50,381266055.3716505,325454494.67510825,1.1714880624163981
20000,0.1,16,1,2331927.305074745,2112446.8711958737,1.103898676398248
20000,0.1,16,10,23319093.050844524,21038680.51544137,1.1083914237743875
20000,0.1,16,50,116595385.2524304,105155274.49130075,1.1087925528840312
20000,0.5,1,1,15369886.215030482,12142745.800486475,1.2657669416430275
20000,0.5,1,10,153698826.14993846,105007899.3250867,1.4636882285790034
20000,0.5,1,50,768494114.7459471,524091669.08279943,1.4663352998739145
20000,0.5,2,1,3997736.5188412117,3427432.1808472597,1.1663940547622953
20000,0.5,2,10,39977329.18825887,29639687.159087524,1.3487770290450527
20000,0.5,2,50,199886629.94067395,147930889.11233312,1.3512163087784026
20000,0.5,4,1,1075084.997369918,994372.322730429,1.0811694702220407
20000,0.5,4,10,10750813.973691143,8599093.601468535,1.2502264159393661
20000,0.5,4,50,53754053.86938133,42917835.782114625,1.2524875238882045
20000,0.5,8,1,305016.8282980946,301732.86368635367,1.010883682246673
20000,0.5,8,10,3050132.2829907774,2609292.2032212643,1.1689500620993234
20000,0.5,8,50,15250645.41496865,13022893.325204415,1.1710642968604112
20000,0.5,16,1,93280.29220368685,97493.44297022154,0.9567852910085292
20000,0.5,16,10,932766.9220294672,843072.344118936,1.1063901319219145
20000,0.5,16,50,4663818.610111221,4207736.103124349,1.1083914237511756
20000,1.0,1,1,3842472.5537719,3690215.1174803814,1.041259772518486
20000,1.0,1,10,38424707.538016036,26311214.05299325,1.4603927990789431
20000,1.0,1,50,192123529.6898547,131082156.49236995,1.465672634864211
20000,1.0,2,1,999435.1296932574,1041606.9884085453,0.9595126960700201
20000,1.0,2,10,9994333.296971628,7426643.457550828,1.3457402868600317
20000,1.0,2,50,49971658.484975845,36999443.9458465,1.3506056620233502
20000,1.0,4,1,268772.249342129,302193.3080701637,0.8894050336803786
20000,1.0,4,10,2687704.4934142106,2154625.414406819,1.2474114876038216
20000,1.0,4,50,13438514.467084434,10734310.959507639,1.2519214803612166
20000,1.0,8,1,76255.2070745424,91698.24364944178,0.8315885238332654
20000,1.0,8,10,762534.0707418759,653796.0314944248,1.1663179860527777
20000,1.0,8,50,3812662.353743153,3257196.3120158585,1.1705350210787633
20000,1.0,16,1,23321.073050593925,29629.313763356287,0.7870946062691466
20000,1.0,16,10,233192.73050552094,211244.68711781775,1.1038986763982475
20000,1.0,16,50,1165955.652523377,1052410.6268810881,1.1078904210410623
100000,0.1,1,1,1921235296.8744068,1315560622.6432576,1.460392827062741
100000,0.1,1,10,,,
100000,0.1,1,50,,,
100000,0.1,2,1,499716584.8539443,371332092.87390167,1.3457403613741512
100000,0.1,2,10,4997165668.478493,3698272147.8177457,1.3512163163620043
100000,0.1,2,50,,,
100000,0.1,4,1,134385144.67197004,107731190.72142863,1.2474116713279741
100000,0.1,4,10,1343851266.7296946,1072945814.5430007,1.2524875427209532
100000,0.1,4,50,6719256253.66536,5362788587.082053,1.252940731217856
100000,0.1,8,1,38126623.536952466,32689721.574752793,1.1663183930694212
100000,0.1,8,10,381266055.3716505,325572253.13459104,1.1710643388705355
100000,0.1,8,50,1906330196.8379061,1627272393.3801496,1.171488070831277
100000,0.1,16,1,11659556.52533144,10562154.355940249,1.1038994633489712
100000,0.1,16,10,116595385.2524304,105193322.57845977,1.1083915061763188
100000,0.1,16,50,582976846.2661608,525776292.4588987,1.1087925694400411
100000,0.5,1,1,76849415.07572532,60713713.00185881,1.265767011702488
100000,0.5,1,10,768494114.7459471,525039480.62274325,1.463688242709758
100000,0.5,1,50,3842470557.764012,2620458329.367345,1.4663353027604513
100000,0.5,2,1,19988666.593863457,17137144.90430679,1.166394210090389
100000,0.5,2,10,199886629.94067395,148198419.7984442,1.3487770666686445
100000,0.5,2,50,999433133.7042669,739654429.5698906,1.351216316362004
100000,0.5,4,1,5375408.986919537,4971845.613696033,1.0811697314397295
100000,0.5,4,10,53754053.86938133,42995452.00675646,1.2502265090952926
100000,0.5,4,50,268770253.34261465,214589162.91043985,1.2524875426947242
100000,0.5,8,1,1525068.1414776638,1508648.3184329409,1.010883797664507
100000,0.5,8,10,15250645.41496865,13046445.016111683,1.1689502692982567
100000,0.5,8,50,76253211.07338698,65114450.6261128,1.1710643388705366
100000,0.5,16,1,466385.46100918023,487451.2148515253,0.956783872517865
100000,0.5,16,10,4663818.610111221,4215345.720531665,1.1063905357501713
100000,0.5,16,50,23319077.050685987,21038664.515431736,1.10839150619953
100000,1.0,1,1,19212354.76890707,18451067.587598298,1.0412597903993623
100000,1.0,1,10,192123529.6898547,131556062.26597875,1.460392827062741
100000,1.0,1,50,960617640.4344128,655410774.4542412,1.465672640542592
100000,1.0,2,1,4997167.648542326,5208026.9421154475,0.959512633879065
100000,1.0,2,10,49971658.484975845,37133209.28785674,1.3457403613459695
100000,1.0,2,50,249858284.42747003,184997211.7313157,1.3506056771837003
100000,1.0,4,1,1343853.2467111377,1510958.5403454443,0.8894044481219835
100000,1.0,4,10,13438514.467084434,10773119.072052618,1.2474116713279744
100000,1.0,4,50,67192564.33666612,53671546.79768619,1.2519215179310397
100000,1.0,8,1,381268.03537050524,458483.21824764233,0.8315855852428811
100000,1.0,8,10,3812662.353743153,3268972.1574478964,1.1663183930938459
100000,1.0,8,50,19063303.76854902,16285973.560056454,1.170535104840422
100000,1.0,16,1,116597.36525350905,148138.5688155455,0.7870831086446506
100000,1.0,16,10,1165955.652523377,1056215.4355851775,1.103899463348971
100000,1.0,16,50,5829770.262727694,5262045.134370488,1.1078905850975989
