d,N,seed,eps_p,conversion,sigma,T_priv,T_needed,T_acc_calibrated,capped_at_Tmax,round_used,measured_gap_cumavg,V_ind_theory,gap_over_theory_ratio,theorem2_predicted_feasible,empirically_feasible,degenerate_zero_rounds,frac_updates_clipped
10,200,0,2.0,basic,1.5652475842498528,0.3922223391987426,0.7844446783974852,0.018021596001236217,False,1,0.39559543565668,0.25,1.58238174262672,True,,True,0.835
10,200,0,2.0,pathA,1.5652475842498528,0.0,0.0,0.018021596001236217,False,0,0.2934231142921458,0.25,1.1736924571685832,False,,True,0.835
10,200,0,4.0,basic,1.5652475842498528,1.4584947588528776,2.916989517705755,0.018021596001236217,False,3,0.3680456280888896,0.25,1.4721825123555583,True,True,False,0.835
10,200,0,4.0,pathA,1.5652475842498528,1.8284047143129953,3.6568094286259907,0.018021596001236217,False,4,0.3699380606798738,0.25,1.4797522427194951,True,True,False,0.835
10,200,0,8.0,basic,1.5652475842498528,5.140767385994252,10.281534771988504,0.018021596001236217,False,10,0.30658477430282766,0.25,1.2263390972113106,True,True,False,0.835
10,200,0,8.0,pathA,1.5652475842498528,6.025589138988892,12.051178277977783,0.018021596001236217,False,12,0.3290598046609664,0.25,1.3162392186438656,True,True,False,0.835
10,200,0,16.0,basic,1.5652475842498528,16.810273682494383,33.62054736498877,0.018021596001236217,False,34,0.4231102323600033,0.25,1.6924409294400131,True,True,False,0.835
10,200,0,16.0,pathA,1.5652475842498528,18.652030060993525,37.30406012198705,0.018021596001236217,False,37,0.441152679874574,0.25,1.764610719498296,True,True,False,0.835
10,200,1,2.0,basic,1.5652475842498528,0.3922223391987426,0.7844446783974852,0.018021596001236217,False,1,0.3249770319343003,0.25,1.299908127737201,True,,True,0.785
10,200,1,2.0,pathA,1.5652475842498528,0.0,0.0,0.018021596001236217,False,0,0.048407655028638474,0.25,0.1936306201145539,False,,True,0.785
10,200,1,4.0,basic,1.5652475842498528,1.4584947588528776,2.916989517705755,0.018021596001236217,False,3,0.3957428586518194,0.25,1.5829714346072776,True,True,False,0.785
10,200,1,4.0,pathA,1.5652475842498528,1.8284047143129953,3.6568094286259907,0.018021596001236217,False,4,0.39159867234958395,0.25,1.5663946893983358,True,True,False,0.785
10,200,1,8.0,basic,1.5652475842498528,5.140767385994252,10.281534771988504,0.018021596001236217,False,10,0.32146082773888085,0.25,1.2858433109555234,True,True,False,0.785
10,200,1,8.0,pathA,1.5652475842498528,6.025589138988892,12.051178277977783,0.018021596001236217,False,12,0.3403015871888015,0.25,1.361206348755206,True,True,False,0.785
10,200,1,16.0,basic,1.5652475842498528,16.810273682494383,33.62054736498877,0.018021596001236217,False,34,0.5358029385349959,0.25,2.1432117541399838,True,False,False,0.785
10,200,1,16.0,pathA,1.5652475842498528,18.652030060993525,37.30406012198705,0.018021596001236217,False,37,0.5155945844008668,0.25,2.0623783376034672,True,False,False,0.785
10,500,0,2.0,basic,2.4899799195977463,0.9925626542988586,1.9851253085977172,0.018021596001236217,False,2,0.29882498896560433,0.24999999999999997,1.1952999558624176,True,True,False,0.844
10,500,0,2.0,pathA,2.4899799195977463,1.3423778559731687,2.6847557119463374,0.018021596001236217,False,3,0.3793855876565453,0.24999999999999997,1.5175423506261814,True,True,False,0.844
10,500,0,4.0,basic,2.4899799195977463,3.6908846958725876,7.381769391745175,0.018021596001236217,False,7,0.6254626745627236,0.24999999999999997,2.501850698250895,True,False,False,0.844
10,500,0,4.0,pathA,2.4899799195977463,4.62698525361418,9.25397050722836,0.018021596001236217,False,9,0.5789998391785954,0.24999999999999997,2.315999356714382,True,False,False,0.844
10,500,0,8.0,basic,2.4899799195977463,13.009288895169126,26.018577790338252,0.018021596001236217,False,26,0.5392727856276197,0.24999999999999997,2.1570911425104793,True,False,False,0.844
10,500,0,8.0,pathA,2.4899799195977463,15.248439441268374,30.49687888253675,0.018021596001236217,False,30,0.5186000620998379,0.24999999999999997,2.074400248399352,True,False,False,0.844
10,500,0,16.0,basic,2.4899799195977463,42.54028442100619,85.08056884201238,0.018021596001236217,False,85,0.47277421679409176,0.24999999999999997,1.8910968671763673,True,True,False,0.844
10,500,0,16.0,pathA,2.4899799195977463,47.2010570954717,94.4021141909434,0.018021596001236217,False,94,0.4879479607158479,0.24999999999999997,1.9517918428633918,True,True,False,0.844
10,500,1,2.0,basic,2.4899799195977463,0.9925626542988586,1.9851253085977172,0.018021596001236217,False,2,0.11789666246700814,0.24999999999999997,0.4715866498680326,True,True,False,0.852
10,500,1,2.0,pathA,2.4899799195977463,1.3423778559731687,2.6847557119463374,0.018021596001236217,False,3,0.17905237306694155,0.24999999999999997,0.7162094922677663,True,True,False,0.852
10,500,1,4.0,basic,2.4899799195977463,3.6908846958725876,7.381769391745175,0.018021596001236217,False,7,0.4737296213001534,0.24999999999999997,1.8949184852006138,True,True,False,0.852
10,500,1,4.0,pathA,2.4899799195977463,4.62698525361418,9.25397050722836,0.018021596001236217,False,9,0.4418020985793373,0.24999999999999997,1.7672083943173493,True,True,False,0.852
10,500,1,8.0,basic,2.4899799195977463,13.009288895169126,26.018577790338252,0.018021596001236217,False,26,0.5026092356984602,0.24999999999999997,2.010436942793841,True,False,False,0.852
10,500,1,8.0,pathA,2.4899799195977463,15.248439441268374,30.49687888253675,0.018021596001236217,False,30,0.5027404185768519,0.24999999999999997,2.010961674307408,True,False,False,0.852
10,500,1,16.0,basic,2.4899799195977463,42.54028442100619,85.08056884201238,0.018021596001236217,False,85,0.5072146426975549,0.24999999999999997,2.02885857079022,True,False,False,0.852
10,500,1,16.0,pathA,2.4899799195977463,47.2010570954717,94.4021141909434,0.018021596001236217,False,94,0.49833330341153215,0.24999999999999997,1.9933332136461288,True,True,False,0.852
10,1000,0,2.0,basic,3.52845575287547,1.9931298461323859,3.9862596922647717,0.018021596001236217,False,4,0.2821592591753865,0.25,1.128637036701546,True,True,False,0.883
10,1000,0,2.0,pathA,3.52845575287547,2.6955809031577616,5.391161806315523,0.018021596001236217,False,5,0.28697379649350074,0.25,1.147895185974003,True,True,False,0.883
10,1000,0,4.0,basic,3.52845575287547,7.41153459090544,14.82306918181088,0.018021596001236217,False,15,0.44801898470347895,0.25,1.7920759388139158,True,True,False,0.883
10,1000,0,4.0,pathA,3.52845575287547,9.291283310278573,18.582566620557145,0.018021596001236217,False,19,0.4303541628861728,0.25,1.7214166515446911,True,True,False,0.883
10,1000,0,8.0,basic,3.52845575287547,26.123491410460588,52.246982820921176,0.018021596001236217,False,52,0.42482482367634244,0.25,1.6992992947053698,True,True,False,0.883
10,1000,0,8.0,pathA,3.52845575287547,30.61983197958625,61.2396639591725,0.018021596001236217,False,61,0.42822455875034743,0.25,1.7128982350013897,True,True,False,0.883
10,1000,0,16.0,basic,3.52845575287547,85.42363565185921,170.84727130371843,0.018021596001236217,True,149,0.476105027657396,0.25,1.904420110629584,True,True,False,0.883
10,1000,0,16.0,pathA,3.52845575287547,94.78272713442857,189.56545426885714,0.018021596001236217,True,149,0.476105027657396,0.25,1.904420110629584,True,True,False,0.883
10,1000,1,2.0,basic,3.52845575287547,1.9931298461323859,3.9862596922647717,0.018021596001236217,False,4,0.2530074025825999,0.25,1.0120296103303996,True,True,False,0.879
10,1000,1,2.0,pathA,3.52845575287547,2.6955809031577616,5.391161806315523,0.018021596001236217,False,5,0.2930379166780111,0.25,1.1721516667120444,True,True,False,0.879
10,1000,1,4.0,basic,3.52845575287547,7.41153459090544,14.82306918181088,0.018021596001236217,False,15,0.5097648018970071,0.25,2.0390592075880285,True,False,False,0.879
10,1000,1,4.0,pathA,3.52845575287547,9.291283310278573,18.582566620557145,0.018021596001236217,False,19,0.5316463394178748,0.25,2.126585357671499,True,False,False,0.879
10,1000,1,8.0,basic,3.52845575287547,26.123491410460588,52.246982820921176,0.018021596001236217,False,52,0.5113908839197115,0.25,2.045563535678846,True,False,False,0.879
10,1000,1,8.0,pathA,3.52845575287547,30.61983197958625,61.2396639591725,0.018021596001236217,False,61,0.5207875775652273,0.25,2.0831503102609092,True,False,False,0.879
10,1000,1,16.0,basic,3.52845575287547,85.42363565185921,170.84727130371843,0.018021596001236217,True,149,0.5325550618140895,0.25,2.130220247256358,True,False,False,0.879
10,1000,1,16.0,pathA,3.52845575287547,94.78272713442857,189.56545426885714,0.018021596001236217,True,149,0.5325550618140895,0.25,2.130220247256358,True,False,False,0.879
10,2000,0,2.0,basic,4.994997497496871,3.99426422979944,7.98852845959888,0.018021596001236217,False,8,0.5556308027152317,0.25,2.2225232108609267,True,False,False,0.868
10,2000,0,2.0,pathA,4.994997497496871,5.4019884186124045,10.803976837224809,0.018021596001236217,False,11,0.5267076901055506,0.25,2.1068307604222025,True,False,False,0.868
10,2000,0,4.0,basic,4.994997497496871,14.852834380971142,29.705668761942285,0.018021596001236217,False,30,0.49792345613555267,0.25,1.9916938245422107,True,True,False,0.868
10,2000,0,4.0,pathA,4.994997497496871,18.619879423607358,37.239758847214716,0.018021596001236217,False,37,0.5178134688691645,0.25,2.071253875476658,True,False,False,0.868
10,2000,0,8.0,basic,4.994997497496871,52.351896441043515,104.70379288208703,0.018021596001236217,False,105,0.5369568361159298,0.25,2.1478273444637193,True,False,False,0.868
10,2000,0,8.0,pathA,4.994997497496871,61.36266253095664,122.72532506191328,0.018021596001236217,False,123,0.5410204640168259,0.25,2.1640818560673036,True,False,False,0.868
10,2000,0,16.0,basic,4.994997497496871,171.19033811356528,342.38067622713055,0.018021596001236217,True,149,0.5331633534546857,0.25,2.1326534138187427,True,False,False,0.868
10,2000,0,16.0,pathA,4.994997497496871,189.94624911128085,379.8924982225617,0.018021596001236217,True,149,0.5331633534546857,0.25,2.1326534138187427,True,False,False,0.868
10,2000,1,2.0,basic,4.994997497496871,3.99426422979944,7.98852845959888,0.018021596001236217,False,8,0.3836189185419748,0.25,1.534475674167899,True,True,False,0.8805
10,2000,1,2.0,pathA,4.994997497496871,5.4019884186124045,10.803976837224809,0.018021596001236217,False,11,0.4165582535799783,0.25,1.666233014319913,True,True,False,0.8805
10,2000,1,4.0,basic,4.994997497496871,14.852834380971142,29.705668761942285,0.018021596001236217,False,30,0.555017332526383,0.25,2.220069330105532,True,False,False,0.8805
10,2000,1,4.0,pathA,4.994997497496871,18.619879423607358,37.239758847214716,0.018021596001236217,False,37,0.5357475534918481,0.25,2.1429902139673924,True,False,False,0.8805
10,2000,1,8.0,basic,4.994997497496871,52.351896441043515,104.70379288208703,0.018021596001236217,False,105,0.5218870047413943,0.25,2.087548018965577,True,False,False,0.8805
10,2000,1,8.0,pathA,4.994997497496871,61.36266253095664,122.72532506191328,0.018021596001236217,False,123,0.5219847529999379,0.25,2.0879390119997514,True,False,False,0.8805
10,2000,1,16.0,basic,4.994997497496871,171.19033811356528,342.38067622713055,0.018021596001236217,True,149,0.5550023153999135,0.25,2.220009261599654,True,False,False,0.8805
10,2000,1,16.0,pathA,4.994997497496871,189.94624911128085,379.8924982225617,0.018021596001236217,True,149,0.5550023153999135,0.25,2.220009261599654,True,False,False,0.8805
10,5000,0,2.0,basic,7.90253124005214,9.997667380800603,19.995334761601207,0.018021596001236217,False,20,0.5390028310162095,0.25000000000000006,2.1560113240648375,True,False,False,0.8676
10,5000,0,2.0,pathA,7.90253124005214,13.521206701719962,27.042413403439923,0.018021596001236217,False,27,0.5708149160409114,0.25000000000000006,2.283259664163645,True,False,False,0.8676
10,5000,0,4.0,basic,7.90253124005214,37.17673375116825,74.3534675023365,0.018021596001236217,False,74,0.5217323379753632,0.25000000000000006,2.0869293519014525,True,False,False,0.8676
10,5000,0,4.0,pathA,7.90253124005214,46.605656394910056,93.21131278982011,0.018021596001236217,False,93,0.49250146073979084,0.25000000000000006,1.970005842959163,True,True,False,0.8676
10,5000,0,8.0,basic,7.90253124005214,131.0371115327923,262.0742230655846,0.018021596001236217,True,149,0.5138884512804293,0.25000000000000006,2.0555538051217166,True,False,False,0.8676
10,5000,0,8.0,pathA,7.90253124005214,153.59110871033317,307.18221742066635,0.018021596001236217,True,149,0.5138884512804293,0.25000000000000006,2.0555538051217166,True,False,False,0.8676
10,5000,0,16.0,basic,7.90253124005214,428.4904454986834,856.9808909973668,0.018021596001236217,True,149,0.5138884512804293,0.25000000000000006,2.0555538051217166,True,False,False,0.8676
10,5000,0,16.0,pathA,7.90253124005214,475.4364512439606,950.8729024879212,0.018021596001236217,True,149,0.5138884512804293,0.25000000000000006,2.0555538051217166,True,False,False,0.8676
10,5000,1,2.0,basic,7.90253124005214,9.997667380800603,19.995334761601207,0.018021596001236217,False,20,0.499106187307197,0.25000000000000006,1.9964247492287877,True,True,False,0.8904
10,5000,1,2.0,pathA,7.90253124005214,13.521206701719962,27.042413403439923,0.018021596001236217,False,27,0.4962470747734708,0.25000000000000006,1.9849882990938827,True,True,False,0.8904
10,5000,1,4.0,basic,7.90253124005214,37.17673375116825,74.3534675023365,0.018021596001236217,False,74,0.4663428789611729,0.25000000000000006,1.865371515844691,True,True,False,0.8904
10,5000,1,4.0,pathA,7.90253124005214,46.605656394910056,93.21131278982011,0.018021596001236217,False,93,0.47855374415706325,0.25000000000000006,1.9142149766282526,True,True,False,0.8904
10,5000,1,8.0,basic,7.90253124005214,131.0371115327923,262.0742230655846,0.018021596001236217,True,149,0.4719619487477039,0.25000000000000006,1.8878477949908152,True,True,False,0.8904
10,5000,1,8.0,pathA,7.90253124005214,153.59110871033317,307.18221742066635,0.018021596001236217,True,149,0.4719619487477039,0.25000000000000006,1.8878477949908152,True,True,False,0.8904
10,5000,1,16.0,basic,7.90253124005214,428.4904454986834,856.9808909973668,0.018021596001236217,True,149,0.4719619487477039,0.25000000000000006,1.8878477949908152,True,True,False,0.8904
10,5000,1,16.0,pathA,7.90253124005214,475.4364512439606,950.8729024879212,0.018021596001236217,True,149,0.4719619487477039,0.25000000000000006,1.8878477949908152,True,True,False,0.8904
10,10000,0,2.0,basic,11.178103595869919,20.003339299135874,40.00667859827175,0.018021596001236217,False,40,0.41879303212154584,0.25000000000000006,1.675172128486183,True,True,False,0.8863
10,10000,0,2.0,pathA,11.178103595869919,27.05322580488223,54.10645160976446,0.018021596001236217,False,54,0.4120861579496343,0.25000000000000006,1.6483446317985369,True,True,False,0.8863
10,10000,0,4.0,basic,11.178103595869919,74.38323270149677,148.76646540299353,0.018021596001236217,False,149,0.5011114552391261,0.25000000000000006,2.004445820956504,True,False,False,0.8863
10,10000,0,4.0,pathA,11.178103595869919,93.24859148681935,186.4971829736387,0.018021596001236217,True,149,0.5011114552391261,0.25000000000000006,2.004445820956504,True,False,False,0.8863
10,10000,0,8.0,basic,11.178103595869919,262.1791366857069,524.3582733714138,0.018021596001236217,True,149,0.5011114552391261,0.25000000000000006,2.004445820956504,True,False,False,0.8863
10,10000,0,8.0,pathA,11.178103595869919,307.3050795682466,614.6101591364932,0.018021596001236217,True,149,0.5011114552391261,0.25000000000000006,2.004445820956504,True,False,False,0.8863
10,10000,0,16.0,basic,11.178103595869919,857.3239578072137,1714.6479156144273,0.018021596001236217,True,149,0.5011114552391261,0.25000000000000006,2.004445820956504,True,False,False,0.8863
10,10000,0,16.0,pathA,11.178103595869919,951.2538792292835,1902.507758458567,0.018021596001236217,True,149,0.5011114552391261,0.25000000000000006,2.004445820956504,True,False,False,0.8863
10,10000,1,2.0,basic,11.178103595869919,20.003339299135874,40.00667859827175,0.018021596001236217,False,40,0.6012805685133308,0.25000000000000006,2.4051222740533227,True,False,False,0.8876
10,10000,1,2.0,pathA,11.178103595869919,27.05322580488223,54.10645160976446,0.018021596001236217,False,54,0.6016923213239911,0.25000000000000006,2.406769285295964,True,False,False,0.8876
10,10000,1,4.0,basic,11.178103595869919,74.38323270149677,148.76646540299353,0.018021596001236217,False,149,0.5733445765009997,0.25000000000000006,2.2933783060039983,True,False,False,0.8876
10,10000,1,4.0,pathA,11.178103595869919,93.24859148681935,186.4971829736387,0.018021596001236217,True,149,0.5733445765009997,0.25000000000000006,2.2933783060039983,True,False,False,0.8876
10,10000,1,8.0,basic,11.178103595869919,262.1791366857069,524.3582733714138,0.018021596001236217,True,149,0.5733445765009997,0.25000000000000006,2.2933783060039983,True,False,False,0.8876
10,10000,1,8.0,pathA,11.178103595869919,307.3050795682466,614.6101591364932,0.018021596001236217,True,149,0.5733445765009997,0.25000000000000006,2.2933783060039983,True,False,False,0.8876
10,10000,1,16.0,basic,11.178103595869919,857.3239578072137,1714.6479156144273,0.018021596001236217,True,149,0.5733445765009997,0.25000000000000006,2.2933783060039983,True,False,False,0.8876
10,10000,1,16.0,pathA,11.178103595869919,951.2538792292835,1902.507758458567,0.018021596001236217,True,149,0.5733445765009997,0.25000000000000006,2.2933783060039983,True,False,False,0.8876
10,20000,0,2.0,basic,15.809807082946964,40.01468313580641,80.02936627161282,0.018021596001236217,False,80,0.5867815606099434,0.25,2.3471262424397734,True,False,False,0.8759
10,20000,0,2.0,pathA,15.809807082946964,54.117309485941405,108.23461897188281,0.018021596001236217,False,108,0.6065813248546567,0.25,2.4263252994186266,True,False,False,0.8759
10,20000,0,4.0,basic,15.809807082946964,148.79623060215377,297.59246120430754,0.018021596001236217,True,149,0.5719151578807861,0.25,2.2876606315231443,True,False,False,0.8759
10,20000,0,4.0,pathA,15.809807082946964,186.5345526201072,373.0691052402144,0.018021596001236217,True,149,0.5719151578807861,0.25,2.2876606315231443,True,False,False,0.8759
10,20000,0,8.0,basic,15.809807082946964,524.463186991536,1048.926373983072,0.018021596001236217,True,149,0.5719151578807861,0.25,2.2876606315231443,True,False,False,0.8759
10,20000,0,8.0,pathA,15.809807082946964,614.7332031830119,1229.4664063660239,0.018021596001236217,True,149,0.5719151578807861,0.25,2.2876606315231443,True,False,False,0.8759
10,20000,0,16.0,basic,15.809807082946964,1714.9909824242739,3429.9819648485477,0.018021596001236217,True,149,0.5719151578807861,0.25,2.2876606315231443,True,False,False,0.8759
10,20000,0,16.0,pathA,15.809807082946964,1902.887280008421,3805.774560016842,0.018021596001236217,True,149,0.5719151578807861,0.25,2.2876606315231443,True,False,False,0.8759
10,20000,1,2.0,basic,15.809807082946964,40.01468313580641,80.02936627161282,0.018021596001236217,False,80,0.5710324087997889,0.25,2.2841296351991556,True,False,False,0.879
10,20000,1,2.0,pathA,15.809807082946964,54.117309485941405,108.23461897188281,0.018021596001236217,False,108,0.548580183209482,0.25,2.194320732837928,True,False,False,0.879
10,20000,1,4.0,basic,15.809807082946964,148.79623060215377,297.59246120430754,0.018021596001236217,True,149,0.541437934926123,0.25,2.165751739704492,True,False,False,0.879
10,20000,1,4.0,pathA,15.809807082946964,186.5345526201072,373.0691052402144,0.018021596001236217,True,149,0.541437934926123,0.25,2.165751739704492,True,False,False,0.879
10,20000,1,8.0,basic,15.809807082946964,524.463186991536,1048.926373983072,0.018021596001236217,True,149,0.541437934926123,0.25,2.165751739704492,True,False,False,0.879
10,20000,1,8.0,pathA,15.809807082946964,614.7332031830119,1229.4664063660239,0.018021596001236217,True,149,0.541437934926123,0.25,2.165751739704492,True,False,False,0.879
10,20000,1,16.0,basic,15.809807082946964,1714.9909824242739,3429.9819648485477,0.018021596001236217,True,149,0.541437934926123,0.25,2.165751739704492,True,False,False,0.879
10,20000,1,16.0,pathA,15.809807082946964,1902.887280008421,3805.774560016842,0.018021596001236217,True,149,0.541437934926123,0.25,2.165751739704492,True,False,False,0.879
100,1000,0,2.0,basic,1.11579568022107,0.19931298461323863,0.39862596922647725,0.7173870352182012,False,0,0.09191454266828783,0.25000000000000006,0.36765817067315126,False,,True,0.963
100,1000,0,2.0,pathA,1.11579568022107,0.0,0.0,0.7173870352182012,False,0,0.09191454266828783,0.25000000000000006,0.36765817067315126,False,,True,0.963
100,1000,0,4.0,basic,1.11579568022107,0.7411534590905441,1.4823069181810882,0.7173870352182012,False,1,0.5742816614929993,0.25000000000000006,2.297126645971997,True,False,False,0.963
100,1000,0,4.0,pathA,1.11579568022107,0.0,0.0,0.7173870352182012,False,0,0.09191454266828783,0.25000000000000006,0.36765817067315126,False,,True,0.963
100,1000,0,8.0,basic,1.11579568022107,2.6123491410460593,5.224698282092119,0.7173870352182012,False,5,0.5116001028266945,0.25000000000000006,2.0464004113067777,True,False,False,0.963
100,1000,0,8.0,pathA,1.11579568022107,3.061983629872202,6.123967259744404,0.7173870352182012,False,6,0.624238584382557,0.25000000000000006,2.4969543375302274,True,False,False,0.963
100,1000,0,16.0,basic,1.11579568022107,8.542363565185923,17.084727130371846,0.7173870352182012,False,17,0.718405381037033,0.25000000000000006,2.8736215241481315,True,False,False,0.963
100,1000,0,16.0,pathA,1.11579568022107,9.478281103434995,18.95656220686999,0.7173870352182012,False,19,0.6945937201384548,0.25000000000000006,2.7783748805538186,True,False,False,0.963
100,1000,1,2.0,basic,1.11579568022107,0.19931298461323863,0.39862596922647725,0.7173870352182012,False,0,0.4896977303623825,0.25000000000000006,1.9587909214495296,False,,True,0.942
100,1000,1,2.0,pathA,1.11579568022107,0.0,0.0,0.7173870352182012,False,0,0.4896977303623825,0.25000000000000006,1.9587909214495296,False,,True,0.942
100,1000,1,4.0,basic,1.11579568022107,0.7411534590905441,1.4823069181810882,0.7173870352182012,False,1,0.689196999710638,0.25000000000000006,2.7567879988425514,True,False,False,0.942
100,1000,1,4.0,pathA,1.11579568022107,0.0,0.0,0.7173870352182012,False,0,0.4896977303623825,0.25000000000000006,1.9587909214495296,False,,True,0.942
100,1000,1,8.0,basic,1.11579568022107,2.6123491410460593,5.224698282092119,0.7173870352182012,False,5,0.6626534839157301,0.25000000000000006,2.65061393566292,True,False,False,0.942
100,1000,1,8.0,pathA,1.11579568022107,3.061983629872202,6.123967259744404,0.7173870352182012,False,6,0.5890639518154865,0.25000000000000006,2.3562558072619457,True,False,False,0.942
100,1000,1,16.0,basic,1.11579568022107,8.542363565185923,17.084727130371846,0.7173870352182012,False,17,0.7761531258781765,0.25000000000000006,3.1046125035127052,True,False,False,0.942
100,1000,1,16.0,pathA,1.11579568022107,9.478281103434995,18.95656220686999,0.7173870352182012,False,19,0.7642952043462812,0.25000000000000006,3.057180817385124,True,False,False,0.942
100,3000,0,2.0,basic,1.9352002480363628,0.5995398613466494,1.1990797226932988,0.7173870352182012,False,1,0.4423929798678584,0.25,1.7695719194714337,True,True,False,0.9633333333333334
100,3000,0,2.0,pathA,1.9352002480363628,0.0,0.0,0.7173870352182012,False,0,0.6297710910980963,0.25,2.519084364392385,False,,True,0.9633333333333334
100,3000,0,4.0,basic,1.9352002480363628,2.229413417103684,4.458826834207368,0.7173870352182012,False,4,0.5560382051098983,0.25,2.2241528204395933,True,False,False,0.9633333333333334
100,3000,0,4.0,pathA,1.9352002480363628,2.7948479856071913,5.5896959712143826,0.7173870352182012,False,6,0.5129973991991416,0.25,2.0519895967965662,True,False,False,0.9633333333333334
100,3000,0,8.0,basic,1.9352002480363628,7.858030147162642,15.716060294325285,0.7173870352182012,False,16,0.5348089843479961,0.25,2.1392359373919843,True,False,False,0.9633333333333334
100,3000,0,8.0,pathA,1.9352002480363628,9.210548603277914,18.421097206555828,0.7173870352182012,False,18,0.5221554444024763,0.25,2.088621777609905,True,False,False,0.9633333333333334
100,3000,0,16.0,basic,1.9352002480363628,25.695704057527127,51.391408115054254,0.7173870352182012,False,51,0.7463044518659293,0.25,2.9852178074637172,True,False,False,0.9633333333333334
100,3000,0,16.0,pathA,1.9352002480363628,28.5109638983065,57.021927796613,0.7173870352182012,False,57,0.7303304465526413,0.25,2.9213217862105654,True,False,False,0.9633333333333334
100,3000,1,2.0,basic,1.9352002480363628,0.5995398613466494,1.1990797226932988,0.7173870352182012,False,1,0.34214886952762796,0.25,1.3685954781105119,True,True,False,0.9603333333333334
100,3000,1,2.0,pathA,1.9352002480363628,0.0,0.0,0.7173870352182012,False,0,0.3413773027325731,0.25,1.3655092109302924,False,,True,0.9603333333333334
100,3000,1,4.0,basic,1.9352002480363628,2.229413417103684,4.458826834207368,0.7173870352182012,False,4,0.44307521465465455,0.25,1.7723008586186182,True,True,False,0.9603333333333334
100,3000,1,4.0,pathA,1.9352002480363628,2.7948479856071913,5.5896959712143826,0.7173870352182012,False,6,0.5027091093335929,0.25,2.0108364373343717,True,False,False,0.9603333333333334
100,3000,1,8.0,basic,1.9352002480363628,7.858030147162642,15.716060294325285,0.7173870352182012,False,16,0.8054803503803081,0.25,3.2219214015212323,True,False,False,0.9603333333333334
100,3000,1,8.0,pathA,1.9352002480363628,9.210548603277914,18.421097206555828,0.7173870352182012,False,18,0.8424462410401967,0.25,3.369784964160787,True,False,False,0.9603333333333334
100,3000,1,16.0,basic,1.9352002480363628,25.695704057527127,51.391408115054254,0.7173870352182012,False,51,0.8760395068892,0.25,3.5041580275568,True,False,False,0.9603333333333334
100,3000,1,16.0,pathA,1.9352002480363628,28.5109638983065,57.021927796613,0.7173870352182012,False,57,0.8839350276205806,0.25,3.5357401104823225,True,False,False,0.9603333333333334
100,6000,0,2.0,basic,2.737699764400764,1.1998801764467655,2.399760352893531,0.7173870352182012,False,2,0.46342485023565017,0.24999999999999997,1.8536994009426009,True,True,False,0.9691666666666666
100,6000,0,2.0,pathA,2.737699764400764,1.6227608588712172,3.2455217177424345,0.7173870352182012,False,3,0.48348456381337523,0.24999999999999997,1.9339382552535012,True,True,False,0.9691666666666666
100,6000,0,4.0,basic,2.737699764400764,4.461803354123394,8.923606708246789,0.7173870352182012,False,9,0.5771709559031509,0.24999999999999997,2.308683823612604,True,False,False,0.9691666666666666
100,6000,0,4.0,pathA,2.737699764400764,5.593425682737461,11.186851365474922,0.7173870352182012,False,11,0.5725231209939715,0.24999999999999997,2.2900924839758865,True,False,False,0.9691666666666666
100,6000,0,8.0,basic,2.737699764400764,15.726551656337517,31.453103312675033,0.7173870352182012,False,31,0.7269237497038709,0.24999999999999997,2.907694998815484,True,False,False,0.9691666666666666
100,6000,0,8.0,pathA,2.737699764400764,18.433387536873738,36.866775073747476,0.7173870352182012,False,37,0.7344260234545614,0.24999999999999997,2.937704093818246,True,False,False,0.9691666666666666
100,6000,0,16.0,basic,2.737699764400764,51.42571479603893,102.85142959207786,0.7173870352182012,False,103,0.7499029368367166,0.24999999999999997,2.999611747346867,True,False,False,0.9691666666666666
100,6000,0,16.0,pathA,2.737699764400764,57.05997956410101,114.11995912820203,0.7173870352182012,False,114,0.7343003237157774,0.24999999999999997,2.93720129486311,True,False,False,0.9691666666666666
100,6000,1,2.0,basic,2.737699764400764,1.1998801764467655,2.399760352893531,0.7173870352182012,False,2,0.35930819218377535,0.24999999999999997,1.4372327687351016,True,True,False,0.9726666666666667
100,6000,1,2.0,pathA,2.737699764400764,1.6227608588712172,3.2455217177424345,0.7173870352182012,False,3,0.5062049611818171,0.24999999999999997,2.024819844727269,True,False,False,0.9726666666666667
100,6000,1,4.0,basic,2.737699764400764,4.461803354123394,8.923606708246789,0.7173870352182012,False,9,0.5105427050321294,0.24999999999999997,2.042170820128518,True,False,False,0.9726666666666667
100,6000,1,4.0,pathA,2.737699764400764,5.593425682737461,11.186851365474922,0.7173870352182012,False,11,0.47641159311768927,0.24999999999999997,1.9056463724707573,True,True,False,0.9726666666666667
100,6000,1,8.0,basic,2.737699764400764,15.726551656337517,31.453103312675033,0.7173870352182012,False,31,0.6783645703521074,0.24999999999999997,2.71345828140843,True,False,False,0.9726666666666667
100,6000,1,8.0,pathA,2.737699764400764,18.433387536873738,36.866775073747476,0.7173870352182012,False,37,0.7193976978020499,0.24999999999999997,2.8775907912082,True,False,False,0.9726666666666667
100,6000,1,16.0,basic,2.737699764400764,51.42571479603893,102.85142959207786,0.7173870352182012,False,103,0.8868057708681453,0.24999999999999997,3.5472230834725815,True,False,False,0.9726666666666667
100,6000,1,16.0,pathA,2.737699764400764,57.05997956410101,114.11995912820203,0.7173870352182012,False,114,0.9246916566464861,0.24999999999999997,3.698766626585945,True,False,False,0.9726666666666667
100,10000,0,2.0,basic,3.534826728426727,2.000333929913587,4.000667859827174,0.7173870352182012,False,4,0.7007037465078512,0.25,2.8028149860314047,True,False,False,0.9762
100,10000,0,2.0,pathA,3.534826728426727,2.7053238650530744,5.410647730106149,0.7173870352182012,False,5,0.6675551764455229,0.25,2.6702207057820915,True,False,False,0.9762
100,10000,0,4.0,basic,3.534826728426727,7.438323270149675,14.87664654029935,0.7173870352182012,False,15,0.6979891244898421,0.25,2.7919564979593683,True,False,False,0.9762
100,10000,0,4.0,pathA,3.534826728426727,9.324866401805707,18.649732803611414,0.7173870352182012,False,19,0.7818500126347896,0.25,3.1274000505391584,True,False,False,0.9762
100,10000,0,8.0,basic,3.534826728426727,26.217913668570684,52.43582733714137,0.7173870352182012,False,52,0.8125428321422214,0.25,3.250171328568886,True,False,False,0.9762
100,10000,0,8.0,pathA,3.534826728426727,30.730517483685162,61.461034967370324,0.7173870352182012,False,61,0.7733009815485856,0.25,3.0932039261943425,True,False,False,0.9762
100,10000,0,16.0,basic,3.534826728426727,85.73239578072135,171.4647915614427,0.7173870352182012,True,149,0.7977175931769309,0.25,3.1908703727077237,True,False,False,0.9762
100,10000,0,16.0,pathA,3.534826728426727,95.12533378516036,190.25066757032073,0.7173870352182012,True,149,0.7977175931769309,0.25,3.1908703727077237,True,False,False,0.9762
100,10000,1,2.0,basic,3.534826728426727,2.000333929913587,4.000667859827174,0.7173870352182012,False,4,0.4819464259217912,0.25,1.9277857036871648,True,True,False,0.9763
100,10000,1,2.0,pathA,3.534826728426727,2.7053238650530744,5.410647730106149,0.7173870352182012,False,5,0.5719995426920461,0.25,2.2879981707681845,True,False,False,0.9763
100,10000,1,4.0,basic,3.534826728426727,7.438323270149675,14.87664654029935,0.7173870352182012,False,15,0.5957354780993821,0.25,2.3829419123975284,True,False,False,0.9763
100,10000,1,4.0,pathA,3.534826728426727,9.324866401805707,18.649732803611414,0.7173870352182012,False,19,0.5705898500119291,0.25,2.2823594000477163,True,False,False,0.9763
100,10000,1,8.0,basic,3.534826728426727,26.217913668570684,52.43582733714137,0.7173870352182012,False,52,0.8798582725286803,0.25,3.5194330901147213,True,False,False,0.9763
100,10000,1,8.0,pathA,3.534826728426727,30.730517483685162,61.461034967370324,0.7173870352182012,False,61,0.82631360802183,0.25,3.30525443208732,True,False,False,0.9763
100,10000,1,16.0,basic,3.534826728426727,85.73239578072135,171.4647915614427,0.7173870352182012,True,149,0.7112079677920569,0.25,2.8448318711682274,True,False,False,0.9763
100,10000,1,16.0,pathA,3.534826728426727,95.12533378516036,190.25066757032073,0.7173870352182012,True,149,0.7112079677920569,0.25,2.8448318711682274,True,False,False,0.9763
100,15000,0,2.0,basic,4.329549630157853,3.0009011217471144,6.001802243494229,0.7173870352182012,False,6,1.0244975082722643,0.25,4.097990033089057,True,False,False,0.9732666666666666
100,15000,0,2.0,pathA,4.329549630157853,4.058528333323125,8.11705666664625,0.7173870352182012,False,8,0.8990688619708787,0.25,3.5962754478835146,True,False,False,0.9732666666666666
100,15000,0,4.0,basic,4.329549630157853,11.158973165182527,22.317946330365054,0.7173870352182012,False,22,1.152125807818566,0.25,4.608503231274264,True,False,False,0.9732666666666666
100,15000,0,4.0,pathA,4.329549630157853,13.9891644584701,27.9783289169402,0.7173870352182012,False,28,1.0188270410474503,0.25,4.075308164189801,True,False,False,0.9732666666666666
100,15000,0,8.0,basic,4.329549630157853,39.33211618386215,78.6642323677243,0.7173870352182012,False,79,0.8386485453854918,0.25,3.3545941815419673,True,False,False,0.9732666666666666
100,15000,0,8.0,pathA,4.329549630157853,46.10193275937036,92.20386551874071,0.7173870352182012,False,92,0.8519424792220573,0.25,3.4077699168882294,True,False,False,0.9732666666666666
100,15000,0,16.0,basic,4.329549630157853,128.61574701157437,257.23149402314874,0.7173870352182012,True,149,0.880145889603016,0.25,3.520583558412064,True,False,False,0.9732666666666666
100,15000,0,16.0,pathA,4.329549630157853,142.7070947735865,285.414189547173,0.7173870352182012,True,149,0.880145889603016,0.25,3.520583558412064,True,False,False,0.9732666666666666
100,15000,1,2.0,basic,4.329549630157853,3.0009011217471144,6.001802243494229,0.7173870352182012,False,6,0.5284782073777583,0.25,2.113912829511033,True,False,False,0.9704666666666667
100,15000,1,2.0,pathA,4.329549630157853,4.058528333323125,8.11705666664625,0.7173870352182012,False,8,0.6701787218777168,0.25,2.680714887510867,True,False,False,0.9704666666666667
100,15000,1,4.0,basic,4.329549630157853,11.158973165182527,22.317946330365054,0.7173870352182012,False,22,0.8198615524709704,0.25,3.2794462098838815,True,False,False,0.9704666666666667
100,15000,1,4.0,pathA,4.329549630157853,13.9891644584701,27.9783289169402,0.7173870352182012,False,28,0.885774809858015,0.25,3.54309923943206,True,False,False,0.9704666666666667
100,15000,1,8.0,basic,4.329549630157853,39.33211618386215,78.6642323677243,0.7173870352182012,False,79,0.9080751118748657,0.25,3.6323004474994627,True,False,False,0.9704666666666667
100,15000,1,8.0,pathA,4.329549630157853,46.10193275937036,92.20386551874071,0.7173870352182012,False,92,0.8651628074324597,0.25,3.4606512297298386,True,False,False,0.9704666666666667
100,15000,1,16.0,basic,4.329549630157853,128.61574701157437,257.23149402314874,0.7173870352182012,True,149,0.8409591156403422,0.25,3.363836462561369,True,False,False,0.9704666666666667
100,15000,1,16.0,pathA,4.329549630157853,142.7070947735865,285.414189547173,0.7173870352182012,True,149,0.8409591156403422,0.25,3.363836462561369,True,False,False,0.9704666666666667
