T_i,sigma,delta,q,eps_nonsubsampled_library,eps_subsampled_INVALID,naive_amplification_factor,invalid,reason
10,0.5,1e-05,0.05,48.75517729826278,10.369708818747975,4.701692029202939,True,aggregator observes participation A_i(t) directly; subsampling-amplification hypothesis violated -- see docs/derivations/e1_amplification.md
10,0.5,1e-05,0.1,48.75517729826278,14.415024928372686,3.3822471719975553,True,aggregator observes participation A_i(t) directly; subsampling-amplification hypothesis violated -- see docs/derivations/e1_amplification.md
10,0.5,1e-05,0.2,48.75517729826278,20.713939761496984,2.3537375245673338,True,aggregator observes participation A_i(t) directly; subsampling-amplification hypothesis violated -- see docs/derivations/e1_amplification.md
10,0.5,1e-05,0.3,48.75517729826278,25.855968367142268,1.8856449932937263,True,aggregator observes participation A_i(t) directly; subsampling-amplification hypothesis violated -- see docs/derivations/e1_amplification.md
10,0.5,1e-05,0.5,48.75517729826278,34.25248738309445,1.4234054523680004,True,aggregator observes participation A_i(t) directly; subsampling-amplification hypothesis violated -- see docs/derivations/e1_amplification.md
10,0.5,1e-05,0.7,48.75517729826278,40.96000970608036,1.1903116636963407,True,aggregator observes participation A_i(t) directly; subsampling-amplification hypothesis violated -- see docs/derivations/e1_amplification.md
10,0.5,1e-05,1.0,48.75517729826278,48.75517729826278,1.0,True,aggregator observes participation A_i(t) directly; subsampling-amplification hypothesis violated -- see docs/derivations/e1_amplification.md
10,0.8,1e-05,0.05,25.51480779666212,3.5954229574269,7.096469066026669,True,aggregator observes participation A_i(t) directly; subsampling-amplification hypothesis violated -- see docs/derivations/e1_amplification.md
10,0.8,1e-05,0.1,25.51480779666212,5.443543851514352,4.68716859689926,True,aggregator observes participation A_i(t) directly; subsampling-amplification hypothesis violated -- see docs/derivations/e1_amplification.md
10,0.8,1e-05,0.2,25.51480779666212,8.609170053868757,2.9636779895172785,True,aggregator observes participation A_i(t) directly; subsampling-amplification hypothesis violated -- see docs/derivations/e1_amplification.md
10,0.8,1e-05,0.3,25.51480779666212,11.375476595817897,2.2429660490921703,True,aggregator observes participation A_i(t) directly; subsampling-amplification hypothesis violated -- see docs/derivations/e1_amplification.md
10,0.8,1e-05,0.5,25.51480779666212,16.181891192039302,1.576750671096723,True,aggregator observes participation A_i(t) directly; subsampling-amplification hypothesis violated -- see docs/derivations/e1_amplification.md
10,0.8,1e-05,0.7,25.51480779666212,20.312038807331895,1.2561421351485513,True,aggregator observes participation A_i(t) directly; subsampling-amplification hypothesis violated -- see docs/derivations/e1_amplification.md
10,0.8,1e-05,1.0,25.51480779666212,25.51480779666212,1.0,True,aggregator observes participation A_i(t) directly; subsampling-amplification hypothesis violated -- see docs/derivations/e1_amplification.md
10,1.0,1e-05,0.05,19.04785212557907,2.15574468940532,8.835857149129092,True,aggregator observes participation A_i(t) directly; subsampling-amplification hypothesis violated -- see docs/derivations/e1_amplification.md
10,1.0,1e-05,0.1,19.04785212557907,3.4414008893316037,5.534912304064228,True,aggregator observes participation A_i(t) directly; subsampling-amplification hypothesis violated -- see docs/derivations/e1_amplification.md
10,1.0,1e-05,0.2,19.04785212557907,5.754131997510285,3.310291132323824,True,aggregator observes participation A_i(t) directly; subsampling-amplification hypothesis violated -- see docs/derivations/e1_amplification.md
10,1.0,1e-05,0.3,19.04785212557907,7.830565450575483,2.432500212890655,True,aggregator observes participation A_i(t) directly; subsampling-amplification hypothesis violated -- see docs/derivations/e1_amplification.md
10,1.0,1e-05,0.5,19.04785212557907,11.544594078161005,1.6499369312267145,True,aggregator observes participation A_i(t) directly; subsampling-amplification hypothesis violated -- see docs/derivations/e1_amplification.md
10,1.0,1e-05,0.7,19.04785212557907,14.809114620581333,1.2862249103742398,True,aggregator observes participation A_i(t) directly; subsampling-amplification hypothesis violated -- see docs/derivations/e1_amplification.md
10,1.0,1e-05,1.0,19.04785212557907,19.04785212557907,1.0,True,aggregator observes participation A_i(t) directly; subsampling-amplification hypothesis violated -- see docs/derivations/e1_amplification.md
10,1.5,1e-05,0.05,11.439239458780193,0.8656244615007372,13.215014093926978,True,aggregator observes participation A_i(t) directly; subsampling-amplification hypothesis violated -- see docs/derivations/e1_amplification.md
10,1.5,1e-05,0.1,11.439239458780193,1.5518286955448721,7.371457617468332,True,aggregator observes participation A_i(t) directly; subsampling-amplification hypothesis violated -- see docs/derivations/e1_amplification.md
10,1.5,1e-05,0.2,11.439239458780193,2.882848642017013,3.9680333167878765,True,aggregator observes participation A_i(t) directly; subsampling-amplification hypothesis violated -- see docs/derivations/e1_amplification.md
10,1.5,1e-05,0.3,11.439239458780193,4.132078110743758,2.7683986488631924,True,aggregator observes participation A_i(t) directly; subsampling-amplification hypothesis violated -- see docs/derivations/e1_amplification.md
10,1.5,1e-05,0.5,11.439239458780193,6.44494469930107,1.7749166195360428,True,aggregator observes participation A_i(t) directly; subsampling-amplification hypothesis violated -- see docs/derivations/e1_amplification.md
10,1.5,1e-05,0.7,11.439239458780193,8.563039018165593,1.3358854764661285,True,aggregator observes participation A_i(t) directly; subsampling-amplification hypothesis violated -- see docs/derivations/e1_amplification.md
10,1.5,1e-05,1.0,11.439239458780193,11.439239458780193,1.0,True,aggregator observes participation A_i(t) directly; subsampling-amplification hypothesis violated -- see docs/derivations/e1_amplification.md
10,2.0,1e-05,0.05,8.078721970603716,0.4786659469581177,16.87757823998829,True,aggregator observes participation A_i(t) directly; subsampling-amplification hypothesis violated -- see docs/derivations/e1_amplification.md
10,2.0,1e-05,0.1,8.078721970603716,0.9349504114398911,8.640802626271805,True,aggregator observes participation A_i(t) directly; subsampling-amplification hypothesis violated -- see docs/derivations/e1_amplification.md
10,2.0,1e-05,0.2,8.078721970603716,1.8415996227466036,4.3867960607827055,True,aggregator observes participation A_i(t) directly; subsampling-amplification hypothesis violated -- see docs/derivations/e1_amplification.md
10,2.0,1e-05,0.3,8.078721970603716,2.713493507818023,2.9772402061503316,True,aggregator observes participation A_i(t) directly; subsampling-amplification hypothesis violated -- see docs/derivations/e1_amplification.md
10,2.0,1e-05,0.5,8.078721970603716,4.367017952679915,1.8499401784336686,True,aggregator observes participation A_i(t) directly; subsampling-amplification hypothesis violated -- see docs/derivations/e1_amplification.md
10,2.0,1e-05,0.7,8.078721970603716,5.918354727171096,1.3650283470699045,True,aggregator observes participation A_i(t) directly; subsampling-amplification hypothesis violated -- see docs/derivations/e1_amplification.md
10,2.0,1e-05,1.0,8.078721970603716,8.078721970603716,1.0,True,aggregator observes participation A_i(t) directly; subsampling-amplification hypothesis violated -- see docs/derivations/e1_amplification.md
10,3.0,1e-05,0.05,5.023925756466362,0.24320792649678163,20.656916198546856,True,aggregator observes participation A_i(t) directly; subsampling-amplification hypothesis violated -- see docs/derivations/e1_amplification.md
10,3.0,1e-05,0.1,5.023925756466362,0.507082522493332,9.907511171482794,True,aggregator observes participation A_i(t) directly; subsampling-amplification hypothesis violated -- see docs/derivations/e1_amplification.md
10,3.0,1e-05,0.2,5.023925756466362,1.0401718879746369,4.829899571933887,True,aggregator observes participation A_i(t) directly; subsampling-amplification hypothesis violated -- see docs/derivations/e1_amplification.md
10,3.0,1e-05,0.3,5.023925756466362,1.5687442367698132,3.202514239549387,True,aggregator observes participation A_i(t) directly; subsampling-amplification hypothesis violated -- see docs/derivations/e1_amplification.md
10,3.0,1e-05,0.5,5.023925756466362,2.6008520416068888,1.9316461206160813,True,aggregator observes participation A_i(t) directly; subsampling-amplification hypothesis violated -- see docs/derivations/e1_amplification.md
10,3.0,1e-05,0.7,5.023925756466362,3.596998936978175,1.3966992608251763,True,aggregator observes participation A_i(t) directly; subsampling-amplification hypothesis violated -- see docs/derivations/e1_amplification.md
10,3.0,1e-05,1.0,5.023925756466362,5.023925756466362,1.0,True,aggregator observes participation A_i(t) directly; subsampling-amplification hypothesis violated -- see docs/derivations/e1_amplification.md
50,0.5,1e-05,0.05,165.6502245100313,16.301542050818654,10.161629126473496,True,aggregator observes participation A_i(t) directly; subsampling-amplification hypothesis violated -- see docs/derivations/e1_amplification.md
50,0.5,1e-05,0.1,165.6502245100313,25.892727820501616,6.397557864833037,True,aggregator observes participation A_i(t) directly; subsampling-amplification hypothesis violated -- see docs/derivations/e1_amplification.md
50,0.5,1e-05,0.2,165.6502245100313,46.75165992640122,3.543194504126829,True,aggregator observes participation A_i(t) directly; subsampling-amplification hypothesis violated -- see docs/derivations/e1_amplification.md
50,0.5,1e-05,0.3,165.6502245100313,67.61232078174554,2.4500005708242862,True,aggregator observes participation A_i(t) directly; subsampling-amplification hypothesis violated -- see docs/derivations/e1_amplification.md
50,0.5,1e-05,0.5,165.6502245100313,105.60059391646757,1.5686486066646967,True,aggregator observes participation A_i(t) directly; subsampling-amplification hypothesis violated -- see docs/derivations/e1_amplification.md
50,0.5,1e-05,0.7,165.6502245100313,132.20081040284367,1.2530197356979904,True,aggregator observes participation A_i(t) directly; subsampling-amplification hypothesis violated -- see docs/derivations/e1_amplification.md
50,0.5,1e-05,1.0,165.6502245100313,165.6502245100313,1.0,True,aggregator observes participation A_i(t) directly; subsampling-amplification hypothesis violated -- see docs/derivations/e1_amplification.md
50,0.8,1e-05,0.05,79.63659041750716,5.292369216780196,15.04743663102873,True,aggregator observes participation A_i(t) directly; subsampling-amplification hypothesis violated -- see docs/derivations/e1_amplification.md
50,0.8,1e-05,0.1,79.63659041750716,9.25207532330663,8.607429969457444,True,aggregator observes participation A_i(t) directly; subsampling-amplification hypothesis violated -- see docs/derivations/e1_amplification.md
50,0.8,1e-05,0.2,79.63659041750716,16.932651916486968,4.703137512675536,True,aggregator observes participation A_i(t) directly; subsampling-amplification hypothesis violated -- see docs/derivations/e1_amplification.md
50,0.8,1e-05,0.3,79.63659041750716,24.653531886933962,3.23023049122278,True,aggregator observes participation A_i(t) directly; subsampling-amplification hypothesis violated -- see docs/derivations/e1_amplification.md
50,0.8,1e-05,0.5,79.63659041750716,40.611702349559806,1.9609271665601664,True,aggregator observes participation A_i(t) directly; subsampling-amplification hypothesis violated -- see docs/derivations/e1_amplification.md
50,0.8,1e-05,0.7,79.63659041750716,56.406658732297686,1.4118295996835624,True,aggregator observes participation A_i(t) directly; subsampling-amplification hypothesis violated -- see docs/derivations/e1_amplification.md
50,0.8,1e-05,1.0,79.63659041750716,79.63659041750716,1.0,True,aggregator observes participation A_i(t) directly; subsampling-amplification hypothesis violated -- see docs/derivations/e1_amplification.md
50,1.0,1e-05,0.05,57.254990930358204,3.176337070613215,18.025477037707685,True,aggregator observes participation A_i(t) directly; subsampling-amplification hypothesis violated -- see docs/derivations/e1_amplification.md
50,1.0,1e-05,0.1,57.254990930358204,5.883903405353516,9.730783628817614,True,aggregator observes participation A_i(t) directly; subsampling-amplification hypothesis violated -- see docs/derivations/e1_amplification.md
50,1.0,1e-05,0.2,57.254990930358204,11.337016240091568,5.050269816839899,True,aggregator observes participation A_i(t) directly; subsampling-amplification hypothesis violated -- see docs/derivations/e1_amplification.md
50,1.0,1e-05,0.3,57.254990930358204,16.799591544623986,3.4081180353864196,True,aggregator observes participation A_i(t) directly; subsampling-amplification hypothesis violated -- see docs/derivations/e1_amplification.md
50,1.0,1e-05,0.5,57.254990930358204,27.980692957704193,2.0462320578302062,True,aggregator observes participation A_i(t) directly; subsampling-amplification hypothesis violated -- see docs/derivations/e1_amplification.md
50,1.0,1e-05,0.7,57.254990930358204,39.58110150161591,1.4465234356355836,True,aggregator observes participation A_i(t) directly; subsampling-amplification hypothesis violated -- see docs/derivations/e1_amplification.md
50,1.0,1e-05,1.0,57.254990930358204,57.254990930358204,1.0,True,aggregator observes participation A_i(t) directly; subsampling-amplification hypothesis violated -- see docs/derivations/e1_amplification.md
50,1.5,1e-05,0.05,32.35009144889331,1.4005246486386995,23.098552017872287,True,aggregator observes participation A_i(t) directly; subsampling-amplification hypothesis violated -- see docs/derivations/e1_amplification.md
50,1.5,1e-05,0.1,32.35009144889331,2.84910451111113,11.354476932219313,True,aggregator observes participation A_i(t) directly; subsampling-amplification hypothesis violated -- see docs/derivations/e1_amplification.md
50,1.5,1e-05,0.2,32.35009144889331,5.827223364859638,5.551544779281434,True,aggregator observes participation A_i(t) directly; subsampling-amplification hypothesis violated -- see docs/derivations/e1_amplification.md
50,1.5,1e-05,0.3,32.35009144889331,8.902948612276191,3.633637894336049,True,aggregator observes participation A_i(t) directly; subsampling-amplification hypothesis violated -- see docs/derivations/e1_amplification.md
50,1.5,1e-05,0.5,32.35009144889331,15.380346565193936,2.1033395646689965,True,aggregator observes participation A_i(t) directly; subsampling-amplification hypothesis violated -- see docs/derivations/e1_amplification.md
50,1.5,1e-05,0.7,32.35009144889331,21.92032684123911,1.4758033346488473,True,aggregator observes participation A_i(t) directly; subsampling-amplification hypothesis violated -- see docs/derivations/e1_amplification.md
50,1.5,1e-05,1.0,32.35009144889331,32.35009144889331,1.0,True,aggregator observes participation A_i(t) directly; subsampling-amplification hypothesis violated -- see docs/derivations/e1_amplification.md
50,2.0,1e-05,0.05,22.01964756176707,0.8822229313483267,24.95927818166527,True,aggregator observes participation A_i(t) directly; subsampling-amplification hypothesis violated -- see docs/derivations/e1_amplification.md
50,2.0,1e-05,0.1,22.01964756176707,1.8440608835217742,11.940846291210356,True,aggregator observes participation A_i(t) directly; subsampling-amplification hypothesis violated -- see docs/derivations/e1_amplification.md
50,2.0,1e-05,0.2,22.01964756176707,3.8498615161482412,5.719594709941039,True,aggregator observes participation A_i(t) directly; subsampling-amplification hypothesis violated -- see docs/derivations/e1_amplification.md
50,2.0,1e-05,0.3,22.01964756176707,5.934016645786179,3.71074920684685,True,aggregator observes participation A_i(t) directly; subsampling-amplification hypothesis violated -- see docs/derivations/e1_amplification.md
50,2.0,1e-05,0.5,22.01964756176707,10.287921265206084,2.1403398212462874,True,aggregator observes participation A_i(t) directly; subsampling-amplification hypothesis violated -- see docs/derivations/e1_amplification.md
50,2.0,1e-05,0.7,22.01964756176707,14.86541973192649,1.4812664532085449,True,aggregator observes participation A_i(t) directly; subsampling-amplification hypothesis violated -- see docs/derivations/e1_amplification.md
50,2.0,1e-05,1.0,22.01964756176707,22.01964756176707,1.0,True,aggregator observes participation A_i(t) directly; subsampling-amplification hypothesis violated -- see docs/derivations/e1_amplification.md
50,3.0,1e-05,0.05,13.129556913705724,0.5111890035190471,25.68434927848856,True,aggregator observes participation A_i(t) directly; subsampling-amplification hypothesis violated -- see docs/derivations/e1_amplification.md
50,3.0,1e-05,0.1,13.129556913705724,1.0767229272559196,12.193997714125986,True,aggregator observes participation A_i(t) directly; subsampling-amplification hypothesis violated -- see docs/derivations/e1_amplification.md
50,3.0,1e-05,0.2,13.129556913705724,2.267170221458353,5.791165034471986,True,aggregator observes participation A_i(t) directly; subsampling-amplification hypothesis violated -- see docs/derivations/e1_amplification.md
50,3.0,1e-05,0.3,13.129556913705724,3.509890859523601,3.740730820185048,True,aggregator observes participation A_i(t) directly; subsampling-amplification hypothesis violated -- see docs/derivations/e1_amplification.md
50,3.0,1e-05,0.5,13.129556913705724,6.118687598751547,2.1458125949075533,True,aggregator observes participation A_i(t) directly; subsampling-amplification hypothesis violated -- see docs/derivations/e1_amplification.md
50,3.0,1e-05,0.7,13.129556913705724,8.840510804843442,1.4851581773433777,True,aggregator observes participation A_i(t) directly; subsampling-amplification hypothesis violated -- see docs/derivations/e1_amplification.md
50,3.0,1e-05,1.0,13.129556913705724,13.129556913705724,1.0,True,aggregator observes participation A_i(t) directly; subsampling-amplification hypothesis violated -- see docs/derivations/e1_amplification.md
100,0.5,1e-05,0.05,293.4467591043044,21.00345758642841,13.971354854160674,True,aggregator observes participation A_i(t) directly; subsampling-amplification hypothesis violated -- see docs/derivations/e1_amplification.md
100,0.5,1e-05,0.1,293.4467591043044,35.78137984594711,8.201102371336935,True,aggregator observes participation A_i(t) directly; subsampling-amplification hypothesis violated -- see docs/derivations/e1_amplification.md
100,0.5,1e-05,0.2,293.4467591043044,78.37063709233198,3.7443457140533587,True,aggregator observes participation A_i(t) directly; subsampling-amplification hypothesis violated -- see docs/derivations/e1_amplification.md
100,0.5,1e-05,0.3,293.4467591043044,119.3826101509886,2.45803604673385,True,aggregator observes participation A_i(t) directly; subsampling-amplification hypothesis violated -- see docs/derivations/e1_amplification.md
100,0.5,1e-05,0.5,293.4467591043044,194.59693551638915,1.5079721493332048,True,aggregator observes participation A_i(t) directly; subsampling-amplification hypothesis violated -- see docs/derivations/e1_amplification.md
100,0.5,1e-05,0.7,293.4467591043044,245.12961268935643,1.197108565892357,True,aggregator observes participation A_i(t) directly; subsampling-amplification hypothesis violated -- see docs/derivations/e1_amplification.md
100,0.5,1e-05,1.0,293.4467591043044,293.4467591043044,1.0,True,aggregator observes participation A_i(t) directly; subsampling-amplification hypothesis violated -- see docs/derivations/e1_amplification.md
100,0.8,1e-05,0.05,135.99375227747916,6.656695615612431,20.42961855706954,True,aggregator observes participation A_i(t) directly; subsampling-amplification hypothesis violated -- see docs/derivations/e1_amplification.md
100,0.8,1e-05,0.1,135.99375227747916,12.398250679502494,10.968785499902168,True,aggregator observes participation A_i(t) directly; subsampling-amplification hypothesis violated -- see docs/derivations/e1_amplification.md
100,0.8,1e-05,0.2,135.99375227747916,24.163928249889636,5.62796540658079,True,aggregator observes participation A_i(t) directly; subsampling-amplification hypothesis violated -- see docs/derivations/e1_amplification.md
100,0.8,1e-05,0.3,135.99375227747916,37.311538036492266,3.6448176471436664,True,aggregator observes participation A_i(t) directly; subsampling-amplification hypothesis violated -- see docs/derivations/e1_amplification.md
100,0.8,1e-05,0.5,135.99375227747916,67.94989099514187,2.0013829350690515,True,aggregator observes participation A_i(t) directly; subsampling-amplification hypothesis violated -- see docs/derivations/e1_amplification.md
100,0.8,1e-05,0.7,135.99375227747916,97.68063470412494,1.39222838477048,True,aggregator observes participation A_i(t) directly; subsampling-amplification hypothesis violated -- see docs/derivations/e1_amplification.md
100,0.8,1e-05,1.0,135.99375227747916,135.99375227747916,1.0,True,aggregator observes participation A_i(t) directly; subsampling-amplification hypothesis violated -- see docs/derivations/e1_amplification.md
100,1.0,1e-05,0.05,96.03783756192071,4.038560352001888,23.780216015421285,True,aggregator observes participation A_i(t) directly; subsampling-amplification hypothesis violated -- see docs/derivations/e1_amplification.md
100,1.0,1e-05,0.1,96.03783756192071,7.903894058936838,12.150698990370687,True,aggregator observes participation A_i(t) directly; subsampling-amplification hypothesis violated -- see docs/derivations/e1_amplification.md
100,1.0,1e-05,0.2,96.03783756192071,16.081812036510534,5.971829377428739,True,aggregator observes participation A_i(t) directly; subsampling-amplification hypothesis violated -- see docs/derivations/e1_amplification.md
100,1.0,1e-05,0.3,96.03783756192071,24.514614826311195,3.9175748116933344,True,aggregator observes participation A_i(t) directly; subsampling-amplification hypothesis violated -- see docs/derivations/e1_amplification.md
100,1.0,1e-05,0.5,96.03783756192071,44.235813227915244,2.171042658741391,True,aggregator observes participation A_i(t) directly; subsampling-amplification hypothesis violated -- see docs/derivations/e1_amplification.md
100,1.0,1e-05,0.7,96.03783756192071,64.92410760034612,1.4792323084839556,True,aggregator observes participation A_i(t) directly; subsampling-amplification hypothesis violated -- see docs/derivations/e1_amplification.md
100,1.0,1e-05,1.0,96.03783756192071,96.03783756192071,1.0,True,aggregator observes participation A_i(t) directly; subsampling-amplification hypothesis violated -- see docs/derivations/e1_amplification.md
100,1.5,1e-05,0.05,52.58385258709708,1.878916889097498,27.986257876661448,True,aggregator observes participation A_i(t) directly; subsampling-amplification hypothesis violated -- see docs/derivations/e1_amplification.md
100,1.5,1e-05,0.1,52.58385258709708,3.923537343198502,13.402154226530252,True,aggregator observes participation A_i(t) directly; subsampling-amplification hypothesis violated -- see docs/derivations/e1_amplification.md
100,1.5,1e-05,0.2,52.58385258709708,8.298157550945593,6.336810582863063,True,aggregator observes participation A_i(t) directly; subsampling-amplification hypothesis violated -- see docs/derivations/e1_amplification.md
100,1.5,1e-05,0.3,52.58385258709708,13.094229279159741,4.015803562473697,True,aggregator observes participation A_i(t) directly; subsampling-amplification hypothesis violated -- see docs/derivations/e1_amplification.md
100,1.5,1e-05,0.5,52.58385258709708,23.174520029359083,2.2690373962645274,True,aggregator observes participation A_i(t) directly; subsampling-amplification hypothesis violated -- see docs/derivations/e1_amplification.md
100,1.5,1e-05,0.7,52.58385258709708,34.34324791967251,1.5311263719170831,True,aggregator observes participation A_i(t) directly; subsampling-amplification hypothesis violated -- see docs/derivations/e1_amplification.md
100,1.5,1e-05,1.0,52.58385258709708,52.58385258709708,1.0,True,aggregator observes participation A_i(t) directly; subsampling-amplification hypothesis violated -- see docs/derivations/e1_amplification.md
100,2.0,1e-05,0.05,35.06767627073953,1.2211989533207834,28.715776553345922,True,aggregator observes participation A_i(t) directly; subsampling-amplification hypothesis violated -- see docs/derivations/e1_amplification.md
100,2.0,1e-05,0.1,35.06767627073953,2.580583004848358,13.589051855667865,True,aggregator observes participation A_i(t) directly; subsampling-amplification hypothesis violated -- see docs/derivations/e1_amplification.md
100,2.0,1e-05,0.2,35.06767627073953,5.49876399226102,6.377374319045862,True,aggregator observes participation A_i(t) directly; subsampling-amplification hypothesis violated -- see docs/derivations/e1_amplification.md
100,2.0,1e-05,0.3,35.06767627073953,8.658809445715864,4.049942026162735,True,aggregator observes participation A_i(t) directly; subsampling-amplification hypothesis violated -- see docs/derivations/e1_amplification.md
100,2.0,1e-05,0.5,35.06767627073953,15.723911312613833,2.2302133084792963,True,aggregator observes participation A_i(t) directly; subsampling-amplification hypothesis violated -- see docs/derivations/e1_amplification.md
100,2.0,1e-05,0.7,35.06767627073953,22.873200991258614,1.5331337439014874,True,aggregator observes participation A_i(t) directly; subsampling-amplification hypothesis violated -- see docs/derivations/e1_amplification.md
100,2.0,1e-05,1.0,35.06767627073953,35.06767627073953,1.0,True,aggregator observes participation A_i(t) directly; subsampling-amplification hypothesis violated -- see docs/derivations/e1_amplification.md
100,3.0,1e-05,0.05,20.39150839028575,0.7220351012240753,28.24171339553405,True,aggregator observes participation A_i(t) directly; subsampling-amplification hypothesis violated -- see docs/derivations/e1_amplification.md
100,3.0,1e-05,0.1,20.39150839028575,1.5279088100891238,13.346024484992858,True,aggregator observes participation A_i(t) directly; subsampling-amplification hypothesis violated -- see docs/derivations/e1_amplification.md
100,3.0,1e-05,0.2,20.39150839028575,3.254121932559303,6.26636272791666,True,aggregator observes participation A_i(t) directly; subsampling-amplification hypothesis violated -- see docs/derivations/e1_amplification.md
100,3.0,1e-05,0.3,20.39150839028575,5.09648822380786,4.001090063355461,True,aggregator observes participation A_i(t) directly; subsampling-amplification hypothesis violated -- see docs/derivations/e1_amplification.md
100,3.0,1e-05,0.5,20.39150839028575,9.152341948010065,2.2280098914703843,True,aggregator observes participation A_i(t) directly; subsampling-amplification hypothesis violated -- see docs/derivations/e1_amplification.md
100,3.0,1e-05,0.7,20.39150839028575,13.388717439991025,1.523036727131006,True,aggregator observes participation A_i(t) directly; subsampling-amplification hypothesis violated -- see docs/derivations/e1_amplification.md
100,3.0,1e-05,1.0,20.39150839028575,20.39150839028575,1.0,True,aggregator observes participation A_i(t) directly; subsampling-amplification hypothesis violated -- see docs/derivations/e1_amplification.md
500,0.5,1e-05,0.05,1211.464717537366,44.931255551615244,26.96262774463721,True,aggregator observes participation A_i(t) directly; subsampling-amplification hypothesis violated -- see docs/derivations/e1_amplification.md
500,0.5,1e-05,0.1,1211.464717537366,112.48988996355163,10.769543093427313,True,aggregator observes participation A_i(t) directly; subsampling-amplification hypothesis violated -- see docs/derivations/e1_amplification.md
500,0.5,1e-05,0.2,1211.464717537366,331.3224544197781,3.6564522004973052,True,aggregator observes participation A_i(t) directly; subsampling-amplification hypothesis violated -- see docs/derivations/e1_amplification.md
500,0.5,1e-05,0.3,1211.464717537366,533.5449251049331,2.2705955216406664,True,aggregator observes participation A_i(t) directly; subsampling-amplification hypothesis violated -- see docs/derivations/e1_amplification.md
500,0.5,1e-05,0.5,1211.464717537366,906.5676683157619,1.336320232761055,True,aggregator observes participation A_i(t) directly; subsampling-amplification hypothesis violated -- see docs/derivations/e1_amplification.md
500,0.5,1e-05,0.7,1211.464717537366,1148.5600309814586,1.0547683054077326,True,aggregator observes participation A_i(t) directly; subsampling-amplification hypothesis violated -- see docs/derivations/e1_amplification.md
500,0.5,1e-05,1.0,1211.464717537366,1211.464717537366,1.0,True,aggregator observes participation A_i(t) directly; subsampling-amplification hypothesis violated -- see docs/derivations/e1_amplification.md
500,0.8,1e-05,0.05,521.9012866084759,13.402596737099756,38.94031110880176,True,aggregator observes participation A_i(t) directly; subsampling-amplification hypothesis violated -- see docs/derivations/e1_amplification.md
500,0.8,1e-05,0.1,521.9012866084759,28.632308218303905,18.227705661356275,True,aggregator observes participation A_i(t) directly; subsampling-amplification hypothesis violated -- see docs/derivations/e1_amplification.md
500,0.8,1e-05,0.2,521.9012866084759,71.93794186204248,7.254882098369473,True,aggregator observes participation A_i(t) directly; subsampling-amplification hypothesis violated -- see docs/derivations/e1_amplification.md
500,0.8,1e-05,0.3,521.9012866084759,135.63710226128052,3.8477767359194,True,aggregator observes participation A_i(t) directly; subsampling-amplification hypothesis violated -- see docs/derivations/e1_amplification.md
500,0.8,1e-05,0.5,521.9012866084759,286.6554001597983,1.820657438574462,True,aggregator observes participation A_i(t) directly; subsampling-amplification hypothesis violated -- see docs/derivations/e1_amplification.md
500,0.8,1e-05,0.7,521.9012866084759,427.87244247874287,1.2197590561920904,True,aggregator observes participation A_i(t) directly; subsampling-amplification hypothesis violated -- see docs/derivations/e1_amplification.md
500,0.8,1e-05,1.0,521.9012866084759,521.9012866084759,1.0,True,aggregator observes participation A_i(t) directly; subsampling-amplification hypothesis violated -- see docs/derivations/e1_amplification.md
500,1.0,1e-05,0.05,354.65641557211916,8.301286673567649,42.723065654555725,True,aggregator observes participation A_i(t) directly; subsampling-amplification hypothesis violated -- see docs/derivations/e1_amplification.md
500,1.0,1e-05,0.1,354.65641557211916,18.146563230678197,19.543999106814038,True,aggregator observes participation A_i(t) directly; subsampling-amplification hypothesis violated -- see docs/derivations/e1_amplification.md
500,1.0,1e-05,0.2,354.65641557211916,43.335455344352766,8.183978055703896,True,aggregator observes participation A_i(t) directly; subsampling-amplification hypothesis violated -- see docs/derivations/e1_amplification.md
500,1.0,1e-05,0.3,354.65641557211916,78.13957471766079,4.538755385521201,True,aggregator observes participation A_i(t) directly; subsampling-amplification hypothesis violated -- see docs/derivations/e1_amplification.md
500,1.0,1e-05,0.5,354.65641557211916,170.25847821839545,2.0830470193513135,True,aggregator observes participation A_i(t) directly; subsampling-amplification hypothesis violated -- see docs/derivations/e1_amplification.md
500,1.0,1e-05,0.7,354.65641557211916,266.73630537358656,1.329614336058952,True,aggregator observes participation A_i(t) directly; subsampling-amplification hypothesis violated -- see docs/derivations/e1_amplification.md
500,1.0,1e-05,1.0,354.65641557211916,354.65641557211916,1.0,True,aggregator observes participation A_i(t) directly; subsampling-amplification hypothesis violated -- see docs/derivations/e1_amplification.md
500,1.5,1e-05,0.05,180.36323631956728,4.143848532489466,43.52553789199721,True,aggregator observes participation A_i(t) directly; subsampling-amplification hypothesis violated -- see docs/derivations/e1_amplification.md
500,1.5,1e-05,0.1,180.36323631956728,9.099779972154279,19.820615099649288,True,aggregator observes participation A_i(t) directly; subsampling-amplification hypothesis violated -- see docs/derivations/e1_amplification.md
500,1.5,1e-05,0.2,180.36323631956728,21.00427318011009,8.586978219763466,True,aggregator observes participation A_i(t) directly; subsampling-amplification hypothesis violated -- see docs/derivations/e1_amplification.md
500,1.5,1e-05,0.3,180.36323631956728,34.743927357385985,5.191216135824237,True,aggregator observes participation A_i(t) directly; subsampling-amplification hypothesis violated -- see docs/derivations/e1_amplification.md
500,1.5,1e-05,0.5,180.36323631956728,75.74327871350647,2.381244110144457,True,aggregator observes participation A_i(t) directly; subsampling-amplification hypothesis violated -- see docs/derivations/e1_amplification.md
500,1.5,1e-05,0.7,180.36323631956728,120.89696480927104,1.491875636448865,True,aggregator observes participation A_i(t) directly; subsampling-amplification hypothesis violated -- see docs/derivations/e1_amplification.md
500,1.5,1e-05,1.0,180.36323631956728,180.36323631956728,1.0,True,aggregator observes participation A_i(t) directly; subsampling-amplification hypothesis violated -- see docs/derivations/e1_amplification.md
500,2.0,1e-05,0.05,114.11276105144964,2.768686428491117,41.215487560156454,True,aggregator observes participation A_i(t) directly; subsampling-amplification hypothesis violated -- see docs/derivations/e1_amplification.md
500,2.0,1e-05,0.1,114.11276105144964,6.034775829282069,18.909196344584874,True,aggregator observes participation A_i(t) directly; subsampling-amplification hypothesis violated -- see docs/derivations/e1_amplification.md
500,2.0,1e-05,0.2,114.11276105144964,13.694454209137481,8.332771741666717,True,aggregator observes participation A_i(t) directly; subsampling-amplification hypothesis violated -- see docs/derivations/e1_amplification.md
500,2.0,1e-05,0.3,114.11276105144964,22.749741393083838,5.016002559314416,True,aggregator observes participation A_i(t) directly; subsampling-amplification hypothesis violated -- see docs/derivations/e1_amplification.md
500,2.0,1e-05,0.5,114.11276105144964,44.520982909092325,2.563123129703969,True,aggregator observes participation A_i(t) directly; subsampling-amplification hypothesis violated -- see docs/derivations/e1_amplification.md
500,2.0,1e-05,0.7,114.11276105144964,73.85258110970261,1.5451424897654351,True,aggregator observes participation A_i(t) directly; subsampling-amplification hypothesis violated -- see docs/derivations/e1_amplification.md
500,2.0,1e-05,1.0,114.11276105144964,114.11276105144964,1.0,True,aggregator observes participation A_i(t) directly; subsampling-amplification hypothesis violated -- see docs/derivations/e1_amplification.md
500,3.0,1e-05,0.05,61.82630117770546,1.66738795219881,37.079733661367875,True,aggregator observes participation A_i(t) directly; subsampling-amplification hypothesis violated -- see docs/derivations/e1_amplification.md
500,3.0,1e-05,0.1,61.82630117770546,3.5933761579370214,17.205630154011015,True,aggregator observes participation A_i(t) directly; subsampling-amplification hypothesis violated -- see docs/derivations/e1_amplification.md
500,3.0,1e-05,0.2,61.82630117770546,7.9553743520756885,7.771639452966026,True,aggregator observes participation A_i(t) directly; subsampling-amplification hypothesis violated -- see docs/derivations/e1_amplification.md
500,3.0,1e-05,0.3,61.82630117770546,12.91645526832422,4.786630688787017,True,aggregator observes participation A_i(t) directly; subsampling-amplification hypothesis violated -- see docs/derivations/e1_amplification.md
500,3.0,1e-05,0.5,61.82630117770546,24.65562790640074,2.507593861020875,True,aggregator observes participation A_i(t) directly; subsampling-amplification hypothesis violated -- see docs/derivations/e1_amplification.md
500,3.0,1e-05,0.7,61.82630117770546,38.151026878545316,1.6205671573279254,True,aggregator observes participation A_i(t) directly; subsampling-amplification hypothesis violated -- see docs/derivations/e1_amplification.md
500,3.0,1e-05,1.0,61.82630117770546,61.82630117770546,1.0,True,aggregator observes participation A_i(t) directly; subsampling-amplification hypothesis violated -- see docs/derivations/e1_amplification.md
1000,0.5,1e-05,0.05,2300.055308722621,70.59050298689954,32.58307012133734,True,aggregator observes participation A_i(t) directly; subsampling-amplification hypothesis violated -- see docs/derivations/e1_amplification.md
1000,0.5,1e-05,0.1,2300.055308722621,208.37552761055727,11.038029921734866,True,aggregator observes participation A_i(t) directly; subsampling-amplification hypothesis violated -- see docs/derivations/e1_amplification.md
1000,0.5,1e-05,0.2,2300.055308722621,647.5122260790857,3.552141899544144,True,aggregator observes participation A_i(t) directly; subsampling-amplification hypothesis violated -- see docs/derivations/e1_amplification.md
1000,0.5,1e-05,0.3,2300.055308722621,1051.2478187973636,2.1879287334492674,True,aggregator observes participation A_i(t) directly; subsampling-amplification hypothesis violated -- see docs/derivations/e1_amplification.md
1000,0.5,1e-05,0.5,2300.055308722621,1796.5310843149778,1.2802758208882528,True,aggregator observes participation A_i(t) directly; subsampling-amplification hypothesis violated -- see docs/derivations/e1_amplification.md
1000,0.5,1e-05,0.7,2300.055308722621,2277.8480538465856,1.009749225738975,True,aggregator observes participation A_i(t) directly; subsampling-amplification hypothesis violated -- see docs/derivations/e1_amplification.md
1000,0.5,1e-05,1.0,2300.055308722621,2300.055308722621,1.0,True,aggregator observes participation A_i(t) directly; subsampling-amplification hypothesis violated -- see docs/derivations/e1_amplification.md
1000,0.8,1e-05,0.05,968.3165327927227,19.281392957592814,50.220258200350074,True,aggregator observes participation A_i(t) directly; subsampling-amplification hypothesis violated -- see docs/derivations/e1_amplification.md
1000,0.8,1e-05,0.1,968.3165327927227,45.66196009238367,21.206197255518955,True,aggregator observes participation A_i(t) directly; subsampling-amplification hypothesis violated -- see docs/derivations/e1_amplification.md
1000,0.8,1e-05,0.2,968.3165327927227,130.6023700201072,7.41423400389781,True,aggregator observes participation A_i(t) directly; subsampling-amplification hypothesis violated -- see docs/derivations/e1_amplification.md
1000,0.8,1e-05,0.3,968.3165327927227,258.5440575422658,3.7452670233367322,True,aggregator observes participation A_i(t) directly; subsampling-amplification hypothesis violated -- see docs/derivations/e1_amplification.md
1000,0.8,1e-05,0.5,968.3165327927227,560.0372866156189,1.7290215418412416,True,aggregator observes participation A_i(t) directly; subsampling-amplification hypothesis violated -- see docs/derivations/e1_amplification.md
1000,0.8,1e-05,0.7,968.3165327927227,840.6122021970152,1.1519182451336547,True,aggregator observes participation A_i(t) directly; subsampling-amplification hypothesis violated -- see docs/derivations/e1_amplification.md
1000,0.8,1e-05,1.0,968.3165327927227,968.3165327927227,1.0,True,aggregator observes participation A_i(t) directly; subsampling-amplification hypothesis violated -- see docs/derivations/e1_amplification.md
1000,1.0,1e-05,0.05,648.7831535359722,12.014285216252706,54.00097815709504,True,aggregator observes participation A_i(t) directly; subsampling-amplification hypothesis violated -- see docs/derivations/e1_amplification.md
1000,1.0,1e-05,0.1,648.7831535359722,27.174652432172714,23.874570434905085,True,aggregator observes participation A_i(t) directly; subsampling-amplification hypothesis violated -- see docs/derivations/e1_amplification.md
1000,1.0,1e-05,0.2,648.7831535359722,74.64188394620525,8.691945047951272,True,aggregator observes participation A_i(t) directly; subsampling-amplification hypothesis violated -- see docs/derivations/e1_amplification.md
1000,1.0,1e-05,0.3,648.7831535359722,143.5490024550264,4.519593605251521,True,aggregator observes participation A_i(t) directly; subsampling-amplification hypothesis violated -- see docs/derivations/e1_amplification.md
1000,1.0,1e-05,0.5,648.7831535359722,327.7868094564957,1.9792838967856015,True,aggregator observes participation A_i(t) directly; subsampling-amplification hypothesis violated -- see docs/derivations/e1_amplification.md
1000,1.0,1e-05,0.7,648.7831535359722,519.0015525901371,1.2500601400865665,True,aggregator observes participation A_i(t) directly; subsampling-amplification hypothesis violated -- see docs/derivations/e1_amplification.md
1000,1.0,1e-05,1.0,648.7831535359722,648.7831535359722,1.0,True,aggregator observes participation A_i(t) directly; subsampling-amplification hypothesis violated -- see docs/derivations/e1_amplification.md
1000,1.5,1e-05,0.05,320.8463353241697,6.0190106550355535,53.305493828250164,True,aggregator observes participation A_i(t) directly; subsampling-amplification hypothesis violated -- see docs/derivations/e1_amplification.md
1000,1.5,1e-05,0.1,320.8463353241697,13.61892517793202,23.558858803634966,True,aggregator observes participation A_i(t) directly; subsampling-amplification hypothesis violated -- see docs/derivations/e1_amplification.md
1000,1.5,1e-05,0.2,320.8463353241697,32.29476239886465,9.934934072636166,True,aggregator observes participation A_i(t) directly; subsampling-amplification hypothesis violated -- see docs/derivations/e1_amplification.md
1000,1.5,1e-05,0.3,320.8463353241697,59.41804484537917,5.399813072932528,True,aggregator observes participation A_i(t) directly; subsampling-amplification hypothesis violated -- see docs/derivations/e1_amplification.md
1000,1.5,1e-05,0.5,320.8463353241697,141.03368613333714,2.2749624158644814,True,aggregator observes participation A_i(t) directly; subsampling-amplification hypothesis violated -- see docs/derivations/e1_amplification.md
1000,1.5,1e-05,0.7,320.8463353241697,227.94127559361354,1.407583310607564,True,aggregator observes participation A_i(t) directly; subsampling-amplification hypothesis violated -- see docs/derivations/e1_amplification.md
1000,1.5,1e-05,1.0,320.8463353241697,320.8463353241697,1.0,True,aggregator observes participation A_i(t) directly; subsampling-amplification hypothesis violated -- see docs/derivations/e1_amplification.md
1000,2.0,1e-05,0.05,198.53602074149228,4.024274175750255,49.3346159011342,True,aggregator observes participation A_i(t) directly; subsampling-amplification hypothesis violated -- see docs/derivations/e1_amplification.md
1000,2.0,1e-05,0.1,198.53602074149228,8.9470085241956,22.190212539150576,True,aggregator observes participation A_i(t) directly; subsampling-amplification hypothesis violated -- see docs/derivations/e1_amplification.md
1000,2.0,1e-05,0.2,198.53602074149228,21.177935858436967,9.374663426530237,True,aggregator observes participation A_i(t) directly; subsampling-amplification hypothesis violated -- see docs/derivations/e1_amplification.md
1000,2.0,1e-05,0.3,198.53602074149228,35.42967291677488,5.603665074974246,True,aggregator observes participation A_i(t) directly; subsampling-amplification hypothesis violated -- see docs/derivations/e1_amplification.md
1000,2.0,1e-05,0.5,198.53602074149228,78.97215594879185,2.514000261943331,True,aggregator observes participation A_i(t) directly; subsampling-amplification hypothesis violated -- see docs/derivations/e1_amplification.md
1000,2.0,1e-05,0.7,198.53602074149228,133.41891088520975,1.4880650683193453,True,aggregator observes participation A_i(t) directly; subsampling-amplification hypothesis violated -- see docs/derivations/e1_amplification.md
1000,2.0,1e-05,1.0,198.53602074149228,198.53602074149228,1.0,True,aggregator observes participation A_i(t) directly; subsampling-amplification hypothesis violated -- see docs/derivations/e1_amplification.md
1000,3.0,1e-05,0.05,104.1484568240202,2.421912054633049,43.00257584695826,True,aggregator observes participation A_i(t) directly; subsampling-amplification hypothesis violated -- see docs/derivations/e1_amplification.md
1000,3.0,1e-05,0.1,104.1484568240202,5.288118376662233,19.69480435302904,True,aggregator observes participation A_i(t) directly; subsampling-amplification hypothesis violated -- see docs/derivations/e1_amplification.md
1000,3.0,1e-05,0.2,104.1484568240202,11.97603338970513,8.696406684499442,True,aggregator observes participation A_i(t) directly; subsampling-amplification hypothesis violated -- see docs/derivations/e1_amplification.md
1000,3.0,1e-05,0.3,104.1484568240202,20.64990879270747,5.043531081396364,True,aggregator observes participation A_i(t) directly; subsampling-amplification hypothesis violated -- see docs/derivations/e1_amplification.md
1000,3.0,1e-05,0.5,104.1484568240202,39.24144594340868,2.654042284125207,True,aggregator observes participation A_i(t) directly; subsampling-amplification hypothesis violated -- see docs/derivations/e1_amplification.md
1000,3.0,1e-05,0.7,104.1484568240202,66.23224388769783,1.572473627809023,True,aggregator observes participation A_i(t) directly; subsampling-amplification hypothesis violated -- see docs/derivations/e1_amplification.md
1000,3.0,1e-05,1.0,104.1484568240202,104.1484568240202,1.0,True,aggregator observes participation A_i(t) directly; subsampling-amplification hypothesis violated -- see docs/derivations/e1_amplification.md
